"grna","score_casrxrf","lfc","commonExon","highScore"
"GGACAGGTGGGCGTGGCCCGAGC",0.0953876462675698,0.0418538936894401,FALSE,FALSE
"AGGACAGGTGGGCGTGGCCCGAG",0.101857219162873,-0.310824001324302,FALSE,FALSE
"CAGGACAGGTGGGCGTGGCCCGA",0.0924504289506266,-0.11948935706166,FALSE,FALSE
"TGCAGGACAGGTGGGCGTGGCCC",0.207507810250266,-0.404896700323283,FALSE,FALSE
"CTGCAGGACAGGTGGGCGTGGCC",0.163576992684132,-0.0422021668413538,FALSE,FALSE
"GCTGCAGGACAGGTGGGCGTGGC",0.191755856406647,0.123352081751381,FALSE,FALSE
"TGCTGCAGGACAGGTGGGCGTGG",0.278976394544368,-0.286275676500753,FALSE,FALSE
"GTGCTGCAGGACAGGTGGGCGTG",0.264247386517021,-0.0358277171919932,FALSE,FALSE
"AGTGCTGCAGGACAGGTGGGCGT",0.373676634388766,-0.344808004336268,FALSE,FALSE
"CCAGTGCTGCAGGACAGGTGGGC",0.180592042604659,-0.786936367752346,FALSE,FALSE
"TCCAGTGCTGCAGGACAGGTGGG",0.360765150239741,0.210972346407517,FALSE,FALSE
"ATCCAGTGCTGCAGGACAGGTGG",0.426009162652017,0.5285865218964,FALSE,FALSE
"CATCCAGTGCTGCAGGACAGGTG",0.448778141593018,0.374846092107599,FALSE,FALSE
"AGCATCCAGTGCTGCAGGACAGG",0.504509299735121,0.852657927510068,FALSE,TRUE
"AAGCATCCAGTGCTGCAGGACAG",0.638344688662943,0.651823539328538,FALSE,TRUE
"AAAGCATCCAGTGCTGCAGGACA",0.57111465533644,0.702233467037247,FALSE,TRUE
"CAAAGCATCCAGTGCTGCAGGAC",0.586048874916802,0.366945472287846,FALSE,TRUE
"ACAAAGCATCCAGTGCTGCAGGA",0.795520203118412,0.950299594406127,FALSE,TRUE
"CACAAAGCATCCAGTGCTGCAGG",0.762181849864438,0.679413718305802,FALSE,TRUE
"CTCACAAAGCATCCAGTGCTGCA",0.721046211958625,0.711727847025659,FALSE,TRUE
"ACTCACAAAGCATCCAGTGCTGC",0.765257433269403,0.966422456424515,FALSE,TRUE
"AACTCACAAAGCATCCAGTGCTG",0.786071880129528,-0.089432135474469,FALSE,TRUE
"CAACTCACAAAGCATCCAGTGCT",0.592171027830195,0.801132953935109,FALSE,TRUE
"CCAACTCACAAAGCATCCAGTGC",0.581329526079768,0.723169634669255,FALSE,TRUE
"CCCAACTCACAAAGCATCCAGTG",0.715522141412089,1.41599754848768,FALSE,TRUE
"TCCCCAACTCACAAAGCATCCAG",0.774377035981982,1.3439229962858,FALSE,TRUE
"ATCCCCAACTCACAAAGCATCCA",0.636779436259665,1.08762390318884,FALSE,TRUE
"CAATCCCCAACTCACAAAGCATC",0.442672674898908,-0.145616712520963,FALSE,FALSE
"ACAATCCCCAACTCACAAAGCAT",0.325470887382636,0.0662904899313961,FALSE,FALSE
"AACAATCCCCAACTCACAAAGCA",0.595772796365701,0.632989124686182,FALSE,TRUE
"CAACAATCCCCAACTCACAAAGC",0.562814611348563,-0.348429734982649,FALSE,TRUE
"GCAACAATCCCCAACTCACAAAG",0.438289032313092,0.123573678655268,FALSE,FALSE
"CGCAACAATCCCCAACTCACAAA",0.28654392902741,-0.0643981105548051,FALSE,FALSE
"ACGCAACAATCCCCAACTCACAA",0.308162488429372,0.0534285133160113,FALSE,FALSE
"GACGCAACAATCCCCAACTCACA",0.473856678211468,-0.0654797651606269,FALSE,FALSE
"GGACGCAACAATCCCCAACTCAC",0.619034461058013,0.102690564950107,FALSE,TRUE
"GGGACGCAACAATCCCCAACTCA",0.515810135551641,0.0541317723325751,FALSE,TRUE
"GATATGGGACGCAACAATCCCCA",0.42742224775119,0.122611952292368,FALSE,FALSE
"AGATATGGGACGCAACAATCCCC",0.426091486962069,-0.113496330037214,FALSE,FALSE
"CAGATATGGGACGCAACAATCCC",0.435613274095659,-0.522999747172729,FALSE,FALSE
"CCAGATATGGGACGCAACAATCC",0.395827046178837,-0.332742151656578,FALSE,FALSE
"TCCAGATATGGGACGCAACAATC",0.455718921608549,-0.123589126751678,FALSE,FALSE
"GTCCAGATATGGGACGCAACAAT",0.449784766913749,-1.29664072967394,FALSE,FALSE
"GGTCCAGATATGGGACGCAACAA",0.513578667814559,-0.236865953296145,FALSE,TRUE
"GGGTCCAGATATGGGACGCAACA",0.414940990631866,0.171648991889202,FALSE,FALSE
"TGGGTCCAGATATGGGACGCAAC",0.364816950133356,0.0431229196525179,FALSE,FALSE
"CTGGGTCCAGATATGGGACGCAA",0.386056216883176,0.0786139281606048,FALSE,FALSE
"TCTGGGTCCAGATATGGGACGCA",0.41078999246686,0.165602358435964,FALSE,FALSE
"TTCTGGGTCCAGATATGGGACGC",0.429659632028357,0.142961937045104,FALSE,FALSE
"CTTCTGGGTCCAGATATGGGACG",0.284847552159063,-0.288448307267616,FALSE,FALSE
"CCTTCTGGGTCCAGATATGGGAC",0.244655588877579,-0.287059780034023,FALSE,FALSE
"CCCTTCTGGGTCCAGATATGGGA",0.185837521059157,0.0804300067326166,FALSE,FALSE
"TCCCTTCTGGGTCCAGATATGGG",0.230218794260566,-0.631644145329984,FALSE,FALSE
"GTCCCTTCTGGGTCCAGATATGG",0.27447633562051,0.0434712215423298,FALSE,FALSE
"AGTCCCTTCTGGGTCCAGATATG",0.286152128344476,-0.159423555230704,FALSE,FALSE
"AAGTCCCTTCTGGGTCCAGATAT",0.242418105859753,-0.327215996909855,FALSE,FALSE
"GAAGTCCCTTCTGGGTCCAGATA",0.251471094142806,-0.687823650264493,FALSE,FALSE
"GGGAAGTCCCTTCTGGGTCCAGA",0.292915630189174,1.30553348639209,FALSE,FALSE
"AGGGAAGTCCCTTCTGGGTCCAG",0.296046956835085,1.40615680526086,FALSE,FALSE
"CAGGGAAGTCCCTTCTGGGTCCA",0.294127493252805,-0.988218246926724,FALSE,FALSE
"GCAGGGAAGTCCCTTCTGGGTCC",0.222745768678105,-0.412097507916969,FALSE,FALSE
"AGCAGGGAAGTCCCTTCTGGGTC",0.208598708986793,-0.924988118630535,FALSE,FALSE
"GAGCAGGGAAGTCCCTTCTGGGT",0.18945888264631,-0.657568289252285,FALSE,FALSE
"CGAGCAGGGAAGTCCCTTCTGGG",0.214893949698758,-0.399730267622081,FALSE,FALSE
"CCGAGCAGGGAAGTCCCTTCTGG",0.219164950655116,-0.300411183969965,FALSE,FALSE
"GCCGAGCAGGGAAGTCCCTTCTG",0.25605494199383,-0.153775276615462,TRUE,FALSE
"AGCCGAGCAGGGAAGTCCCTTCT",0.345018586468803,0.350617543724494,TRUE,FALSE
"CAGCCGAGCAGGGAAGTCCCTTC",0.400399809923844,-0.321579570605595,TRUE,FALSE
"CCAGCCGAGCAGGGAAGTCCCTT",0.375702598470474,0.513070104636844,TRUE,FALSE
"GCCAGCCGAGCAGGGAAGTCCCT",0.414271186792999,0.556444162103286,TRUE,FALSE
"AGCCAGCCGAGCAGGGAAGTCCC",0.498785770238598,-0.0204308596638706,TRUE,FALSE
"GAGAGCCAGCCGAGCAGGGAAGT",0.377244264263337,0.134246910444546,FALSE,FALSE
"CGAGAGCCAGCCGAGCAGGGAAG",0.427090012667488,0.341515559962539,FALSE,FALSE
"AACCGAGAGCCAGCCGAGCAGGG",0.549906607763468,0.253236408054971,FALSE,TRUE
"GAAACCGAGAGCCAGCCGAGCAG",0.665146449692599,1.72043482196636,FALSE,TRUE
"AGAAACCGAGAGCCAGCCGAGCA",0.574145883941405,1.7932755980616,FALSE,TRUE
"GAGAAACCGAGAGCCAGCCGAGC",0.619835407681744,-0.428029291179392,FALSE,TRUE
"AGAGAAACCGAGAGCCAGCCGAG",0.763536466958147,1.89726501908633,FALSE,TRUE
"CAGAGAAACCGAGAGCCAGCCGA",0.815106164309572,1.82603204166411,FALSE,TRUE
"GCAGAGAAACCGAGAGCCAGCCG",0.72574317825105,1.55257693322673,FALSE,TRUE
"AGCAGAGAAACCGAGAGCCAGCC",0.781062194194094,1.69278763261174,FALSE,TRUE
"AAGCAGAGAAACCGAGAGCCAGC",0.815481340176476,2.09381640372378,FALSE,TRUE
"GAAAGCAGAGAAACCGAGAGCCA",0.895238895571682,2.10215993594136,FALSE,TRUE
"GGAAAGCAGAGAAACCGAGAGCC",0.526458246587083,0.188301374549133,FALSE,TRUE
"AGGAAAGCAGAGAAACCGAGAGC",0.642536406911398,1.89884014955615,FALSE,TRUE
"GAGGAAAGCAGAGAAACCGAGAG",0.555008555041024,-0.0371049850399249,FALSE,TRUE
"GGAGGAAAGCAGAGAAACCGAGA",0.573307385054698,-0.0346296906625405,FALSE,TRUE
"CGGAGGAAAGCAGAGAAACCGAG",0.595721114110278,0.131183178715065,FALSE,TRUE
"CCGGAGGAAAGCAGAGAAACCGA",0.538456500693764,0.396375779158805,FALSE,TRUE
"TCCGGAGGAAAGCAGAGAAACCG",0.5391848086966,1.4591716005618,FALSE,TRUE
"CTCCGGAGGAAAGCAGAGAAACC",0.366654766356898,-0.0564620247206287,FALSE,FALSE
"TTCTCCGGAGGAAAGCAGAGAAA",0.398355169767907,-0.136972650965795,FALSE,FALSE
"TTTCTCCGGAGGAAAGCAGAGAA",0.403071257334857,-0.294358814896245,FALSE,FALSE
"ATTTCTCCGGAGGAAAGCAGAGA",0.432402199782185,0.140655188382057,FALSE,FALSE
"TATTTCTCCGGAGGAAAGCAGAG",0.483042085101217,0.0979996047987881,FALSE,FALSE
"TTATTTCTCCGGAGGAAAGCAGA",0.553354440676733,-0.210880276856868,FALSE,TRUE
"GTTATTTCTCCGGAGGAAAGCAG",0.581320694514333,0.789272496876768,FALSE,TRUE
"TGTTATTTCTCCGGAGGAAAGCA",0.415430073129149,0.802489714359395,FALSE,FALSE
"CTGTTATTTCTCCGGAGGAAAGC",0.389894841748638,1.6802863949126,FALSE,FALSE
"GCTGTTATTTCTCCGGAGGAAAG",0.408046837617356,0.948838226878438,FALSE,FALSE
"CGCTGTTATTTCTCCGGAGGAAA",0.436839108479468,-0.505723616217524,FALSE,FALSE
"ACGCTGTTATTTCTCCGGAGGAA",0.441929622849174,-0.0565245756625232,FALSE,FALSE
"GACGCTGTTATTTCTCCGGAGGA",0.39267903388668,-0.385755771677773,FALSE,FALSE
"AAGACGCTGTTATTTCTCCGGAG",0.665993068964788,-0.427200570007346,FALSE,TRUE
"GAAGACGCTGTTATTTCTCCGGA",0.635080675027406,0.484173370827428,FALSE,TRUE
"GGAAGACGCTGTTATTTCTCCGG",0.380602164298693,0.539142046851201,FALSE,FALSE
"CGGAAGACGCTGTTATTTCTCCG",0.362527741119965,-0.387686457521892,FALSE,FALSE
"CGCGGAAGACGCTGTTATTTCTC",0.176143230821151,-0.29732165340648,FALSE,FALSE
"GCGGCGCGGAAGACGCTGTTATT",0.197412665389394,0.305097160251887,FALSE,FALSE
"CGCGGCGCGGAAGACGCTGTTAT",0.217931562225431,-0.377159954091092,FALSE,FALSE
"GCGCGGCGCGGAAGACGCTGTTA",0.204223803457645,0.427106324216939,FALSE,FALSE
"TGCGCGGCGCGGAAGACGCTGTT",0.170735137620524,-0.265529324471583,FALSE,FALSE
"CATGCGCGGCGCGGAAGACGCTG",0.497518458858222,1.37864387752238,FALSE,FALSE
"CCATGCGCGGCGCGGAAGACGCT",0.790703257160899,2.75721619075577,FALSE,TRUE
"TCCATGCGCGGCGCGGAAGACGC",0.782655567415315,2.53694188084898,FALSE,TRUE
"CTCCATGCGCGGCGCGGAAGACG",0.634956358425354,1.962383914395,FALSE,TRUE
"GCTCCATGCGCGGCGCGGAAGAC",0.389090108899272,0.484670696953193,FALSE,FALSE
"GGCTCCATGCGCGGCGCGGAAGA",0.300048559568133,0.111117757301991,FALSE,FALSE
"AGGCTCCATGCGCGGCGCGGAAG",0.395597407375002,0.754408049666287,FALSE,FALSE
"GGAGGCTCCATGCGCGGCGCGGA",0.394163593583273,0.823172847151667,FALSE,FALSE
"GGGAGGCTCCATGCGCGGCGCGG",0.41362383158867,0.948714224757066,FALSE,FALSE
"CGGGAGGCTCCATGCGCGGCGCG",0.38688510055295,0.627035986340287,FALSE,FALSE
"CCGGGAGGCTCCATGCGCGGCGC",0.250495896852604,-0.0594685466065097,FALSE,FALSE
"GGCCGGGAGGCTCCATGCGCGGC",0,-1.25825566012811,FALSE,FALSE
"CGGCCGGGAGGCTCCATGCGCGG",0.204229322632902,0.252774654573794,FALSE,FALSE
"GGCGGCCGGGAGGCTCCATGCGC",0.212059924340554,0.33014921634402,FALSE,FALSE
"CGGCGGCCGGGAGGCTCCATGCG",0.189139100139537,0.126091820835487,FALSE,FALSE
"GCGGCGGCCGGGAGGCTCCATGC",0.0920840258540278,-0.60451420048315,FALSE,FALSE
"CGCGGCGGCCGGGAGGCTCCATG",0.13636241996421,-0.30229055280117,FALSE,FALSE
"CTCGCGGCGGCCGGGAGGCTCCA",0.258055715474846,0.324304550743361,FALSE,FALSE
"ACTCGCGGCGGCCGGGAGGCTCC",0.330231231531275,1.02981305187404,FALSE,FALSE
"CACTCGCGGCGGCCGGGAGGCTC",0.243848889426822,0.0239622081612662,FALSE,FALSE
"ACACTCGCGGCGGCCGGGAGGCT",0.241925394621408,0.46226419928516,FALSE,FALSE
"GACACTCGCGGCGGCCGGGAGGC",0.118554730617719,-0.570126006621321,FALSE,FALSE
"GGACACTCGCGGCGGCCGGGAGG",0.0995993752800597,-0.454669382956367,FALSE,FALSE
"GGGACACTCGCGGCGGCCGGGAG",0.14785513303861,0.130186044659578,FALSE,FALSE
"AGGGACACTCGCGGCGGCCGGGA",0.250159644845703,0.125998288820778,FALSE,FALSE
"AAGGGACACTCGCGGCGGCCGGG",0.254616325407743,-0.0508849038162554,FALSE,FALSE
"AAAGGGACACTCGCGGCGGCCGG",0.259936060896995,0.119453895877704,FALSE,FALSE
"GGAAAGGGACACTCGCGGCGGCC",0.217665077579711,-0.274574310182896,FALSE,FALSE
"AGGAAAGGGACACTCGCGGCGGC",0.226363725381611,0.134027439523875,FALSE,FALSE
"AAGGAAAGGGACACTCGCGGCGG",0.167508080723003,-0.712089977584164,FALSE,FALSE
"GGAAGGAAAGGGACACTCGCGGC",0.428490667749037,0.892191650500762,FALSE,FALSE
"AGGAAGGAAAGGGACACTCGCGG",0.474035571996192,0.954891338692479,FALSE,FALSE
"CAGGAAGGAAAGGGACACTCGCG",0.480359307849959,0.485532459324995,FALSE,FALSE
"CCAGGAAGGAAAGGGACACTCGC",0.683195503172288,1.74983027575166,FALSE,TRUE
"GCCAGGAAGGAAAGGGACACTCG",0.70735895105979,1.97297111374237,FALSE,TRUE
"CGCCAGGAAGGAAAGGGACACTC",0.712008605658743,2.11322006645847,FALSE,TRUE
"AGCGCCAGGAAGGAAAGGGACAC",0.816154027897625,2.72547945705646,FALSE,TRUE
"AAGCGCCAGGAAGGAAAGGGACA",0.532304423440034,1.10533468740255,FALSE,TRUE
"AAAGCGCCAGGAAGGAAAGGGAC",0.526050705992097,1.03970637557988,FALSE,TRUE
"GAAAGCGCCAGGAAGGAAAGGGA",0.618337446642301,1.73658421659848,FALSE,TRUE
"GGAAAGCGCCAGGAAGGAAAGGG",0.474219290753751,0.678185411459417,FALSE,FALSE
"AGGAAAGCGCCAGGAAGGAAAGG",0.636839019039189,1.85019235645465,FALSE,TRUE
"CAGGAAAGCGCCAGGAAGGAAAG",0.481791807542698,1.05165165409152,FALSE,FALSE
"CCAGGAAAGCGCCAGGAAGGAAA",0.311111888549025,-0.0764322957931989,FALSE,FALSE
"CCCAGGAAAGCGCCAGGAAGGAA",0.259756600497768,-0.197276551675733,FALSE,FALSE
"ACCCAGGAAAGCGCCAGGAAGGA",0.372698160177242,0.641256149577671,FALSE,FALSE
"AACCCAGGAAAGCGCCAGGAAGG",0.346863974809353,-0.0500728537666524,FALSE,FALSE
"CAACCCAGGAAAGCGCCAGGAAG",0.597312020368964,1.45639022921474,FALSE,TRUE
"GCAACCCAGGAAAGCGCCAGGAA",0.615197589694052,1.46466885193078,FALSE,TRUE
"AGCAACCCAGGAAAGCGCCAGGA",0.810615262198531,2.18660917883575,FALSE,TRUE
"AAGCAACCCAGGAAAGCGCCAGG",0.80271295146127,2.20763770397051,FALSE,TRUE
"GAAGCAACCCAGGAAAGCGCCAG",0.846989558177178,2.30471368754884,FALSE,TRUE
"AGAAGCAACCCAGGAAAGCGCCA",0.869406196447109,2.32518997971179,FALSE,TRUE
"CAGAAGCAACCCAGGAAAGCGCC",0.827096470113783,2.1693314704521,TRUE,TRUE
"GCCAGAAGCAACCCAGGAAAGCG",0.649225565268459,1.93996791911376,TRUE,TRUE
"CCGCCAGAAGCAACCCAGGAAAG",0.284645036610925,-0.0801126003610844,TRUE,FALSE
"GCCGCCAGAAGCAACCCAGGAAA",0.209138098618106,-0.415231980056498,TRUE,FALSE
"GGCCGCCAGAAGCAACCCAGGAA",0.164627777120522,-0.477298955325691,TRUE,FALSE
"TGGCCGCCAGAAGCAACCCAGGA",0.233987724942739,-0.186151277818711,FALSE,FALSE
"ATGGCCGCCAGAAGCAACCCAGG",0.484899427572527,1.01941714534452,FALSE,FALSE
"ACCATGGCCGCCAGAAGCAACCC",0.409638066058745,0.552703537185221,FALSE,FALSE
"ACACCATGGCCGCCAGAAGCAAC",0.371776579643226,0.426367464100555,FALSE,FALSE
"CAACACCATGGCCGCCAGAAGCA",0.359330904148722,0.408303667451782,FALSE,FALSE
"GCAACACCATGGCCGCCAGAAGC",0.436077958970585,0.750106566482952,FALSE,FALSE
"CAGCAACACCATGGCCGCCAGAA",0.430094510370376,0.271960390696686,FALSE,FALSE
"GCAGCAACACCATGGCCGCCAGA",0.513181673974066,0.861553449336907,FALSE,TRUE
"CAGCAGCAACACCATGGCCGCCA",0.429302700345501,0.752796403044298,FALSE,FALSE
"ACAGCAGCAACACCATGGCCGCC",0.411738422249116,0.329475413747472,FALSE,FALSE
"TACAGCAGCAACACCATGGCCGC",0.505424945994279,1.07860190307818,FALSE,TRUE
"GTACAGCAGCAACACCATGGCCG",0.384490948543087,-0.136972524665084,FALSE,FALSE
"AGTACAGCAGCAACACCATGGCC",0.493643956112007,0.549914386005104,FALSE,FALSE
"GAGTACAGCAGCAACACCATGGC",0.492660957322425,0.955813460472634,FALSE,FALSE
"GGAGTACAGCAGCAACACCATGG",0.414502456996526,0.180361637093743,FALSE,FALSE
"AGGAGTACAGCAGCAACACCATG",0.666889814981742,1.59821939610139,FALSE,TRUE
"AAGGAGTACAGCAGCAACACCAT",0.688408170296429,1.77198122089265,FALSE,TRUE
"AGAAGGAGTACAGCAGCAACACC",0.801737826304039,2.26783952530586,FALSE,TRUE
"GAGAAGGAGTACAGCAGCAACAC",0.70851211856791,1.71446365987983,FALSE,TRUE
"GGAGAAGGAGTACAGCAGCAACA",0.590034770775489,1.04012324674437,FALSE,TRUE
"CGGAGAAGGAGTACAGCAGCAAC",0.442742075769568,0.197047760363632,FALSE,FALSE
"TCGGAGAAGGAGTACAGCAGCAA",0.514641938798621,1.02924066657697,FALSE,TRUE
"ATCGGAGAAGGAGTACAGCAGCA",0.59301825328677,1.05887304802441,FALSE,TRUE
"CATCGGAGAAGGAGTACAGCAGC",0.610407943368391,1.31209607212487,FALSE,TRUE
"GCATCGGAGAAGGAGTACAGCAG",0.571849280053537,0.88115232272344,FALSE,TRUE
"GGCATCGGAGAAGGAGTACAGCA",0.658333645608971,1.66638307653686,FALSE,TRUE
"AGGCATCGGAGAAGGAGTACAGC",0.740213983436863,2.03354859024085,FALSE,TRUE
"CAGGCATCGGAGAAGGAGTACAG",0.764972281058598,2.0907570188463,FALSE,TRUE
"CACAGGCATCGGAGAAGGAGTAC",0.608144893281231,1.80567914327149,FALSE,TRUE
"TCACAGGCATCGGAGAAGGAGTA",0.428322893181781,0.51668822962094,FALSE,FALSE
"CTCACAGGCATCGGAGAAGGAGT",0.359207710185984,0.283337360491665,FALSE,FALSE
"CCTCACAGGCATCGGAGAAGGAG",0.443657347547913,0.899131916361205,FALSE,FALSE
"TCCTCACAGGCATCGGAGAAGGA",0.344734387999814,0.228340318836821,FALSE,FALSE
"CTCCTCACAGGCATCGGAGAAGG",0.3687182768842,0.454653407035655,FALSE,FALSE
"GCTCCTCACAGGCATCGGAGAAG",0.399896120049245,0.734500626884284,FALSE,FALSE
"GGCTCCTCACAGGCATCGGAGAA",0.339800276556421,0.343223254463,FALSE,FALSE
"TGGCTCCTCACAGGCATCGGAGA",0.300424798307039,0.0226480665655919,FALSE,FALSE
"GTGGCTCCTCACAGGCATCGGAG",0.399625278743471,0.444291704976881,FALSE,FALSE
"GGTGGCTCCTCACAGGCATCGGA",0.569827849716755,1.78111477649796,FALSE,TRUE
"TGGTGGCTCCTCACAGGCATCGG",0.436820583850438,0.668112388264429,FALSE,FALSE
"TTGGTGGCTCCTCACAGGCATCG",0.535681759475258,1.13297332615023,FALSE,TRUE
"GTTGGTGGCTCCTCACAGGCATC",0.544171129759453,1.23253356418096,FALSE,TRUE
"TGTTGGTGGCTCCTCACAGGCAT",0.573139139453944,1.43612333828377,FALSE,TRUE
"ATGTTGGTGGCTCCTCACAGGCA",0.416148708111494,0.636662298684761,FALSE,FALSE
"AATGTTGGTGGCTCCTCACAGGC",0.627522087280893,1.56000907832692,FALSE,TRUE
"TCAAATGTTGGTGGCTCCTCACA",0.606061635927709,1.23625474455501,FALSE,TRUE
"CTTCAAATGTTGGTGGCTCCTCA",0.592194853545802,1.02356711519652,FALSE,TRUE
"AGCTTCAAATGTTGGTGGCTCCT",0.768643590737063,2.0432380068818,FALSE,TRUE
"ATAGCTTCAAATGTTGGTGGCTC",0.781349537791101,1.95065536762643,FALSE,TRUE
"CATAGCTTCAAATGTTGGTGGCT",0.466985425368409,0.402289909802639,FALSE,FALSE
"CCATAGCTTCAAATGTTGGTGGC",0.688492749989899,2.0902242355561,FALSE,TRUE
"TCCATAGCTTCAAATGTTGGTGG",0.41312540848259,0.667641534960976,FALSE,FALSE
"CTCCATAGCTTCAAATGTTGGTG",0.272029750782411,-0.104136435059217,FALSE,FALSE
"GCTCCATAGCTTCAAATGTTGGT",0.193167257540019,-0.0471771417297876,FALSE,FALSE
"AGCTCCATAGCTTCAAATGTTGG",0.3142747660274,0.726765029321637,FALSE,FALSE
"GAGCTCCATAGCTTCAAATGTTG",0.12027420464733,-0.340045519909977,FALSE,FALSE
"TGAGCTCCATAGCTTCAAATGTT",0.0654362243991828,-0.658112688583622,FALSE,FALSE
"ATGAGCTCCATAGCTTCAAATGT",0.105366206539288,-0.2971946603996,FALSE,FALSE
"AATGAGCTCCATAGCTTCAAATG",0.162635622544639,0.0385684926844917,FALSE,FALSE
"CAATGAGCTCCATAGCTTCAAAT",0.216350177457367,0.115949025265808,FALSE,FALSE
"CCAATGAGCTCCATAGCTTCAAA",0.28990916186697,0.375489133794144,FALSE,FALSE
"TACCAATGAGCTCCATAGCTTCA",0.374891779091681,0.742978286040139,FALSE,FALSE
"TTACCAATGAGCTCCATAGCTTC",0.408006470292495,0.946257902026059,FALSE,FALSE
"TTTACCAATGAGCTCCATAGCTT",0.264300846746691,-0.184968087381601,FALSE,FALSE
"GTTTACCAATGAGCTCCATAGCT",0.384994580709184,0.39797982517116,FALSE,FALSE
"GGTTTACCAATGAGCTCCATAGC",0.585320720288471,1.5749064359883,FALSE,TRUE
"TTGGTTTACCAATGAGCTCCATA",0.713544216414773,1.78765241586446,FALSE,TRUE
"TTTGGTTTACCAATGAGCTCCAT",0.704729622835648,1.46930448242275,FALSE,TRUE
"TCACCAATCTCATAGTAGGGTTT",0.447096626567242,0.708833357019981,FALSE,FALSE
"TTCACCAATCTCATAGTAGGGTT",0.377875122287665,0.684811361709286,FALSE,FALSE
"GTTCACCAATCTCATAGTAGGGT",0.240257855752114,-0.263328105056462,FALSE,FALSE
"CGTTCACCAATCTCATAGTAGGG",0.286014182130888,-0.0798700557789244,FALSE,FALSE
"TCGTTCACCAATCTCATAGTAGG",0.588793569108726,1.89555632653785,FALSE,TRUE
"CTCGTTCACCAATCTCATAGTAG",0.269108674780304,0.466764056890361,FALSE,FALSE
"ACTCGTTCACCAATCTCATAGTA",0.173294421460695,-0.307934044383068,FALSE,FALSE
"TACTCGTTCACCAATCTCATAGT",0.260650436721069,0.259073667040268,FALSE,FALSE
"CTACTCGTTCACCAATCTCATAG",0.364259896413022,0.701050986859922,FALSE,FALSE
"TCTACTCGTTCACCAATCTCATA",0.283282136748228,0.635048007655761,FALSE,FALSE
"ATCTACTCGTTCACCAATCTCAT",0.321478919414175,0.395086819349422,FALSE,FALSE
"AATCTACTCGTTCACCAATCTCA",0.524485674606694,1.21726483559985,FALSE,TRUE
"TATAATCTACTCGTTCACCAATC",0.670611053586221,1.75281804729382,FALSE,TRUE
"CTTATAATCTACTCGTTCACCAA",0.435584061936822,0.521359976001067,FALSE,FALSE
"ACTTATAATCTACTCGTTCACCA",0.716166205516325,1.83995556235013,FALSE,TRUE
"CACTTATAATCTACTCGTTCACC",0.569034701296758,0.708849982605993,FALSE,TRUE
"TACACTTATAATCTACTCGTTCA",0.3111831196725,-0.0588104216062669,FALSE,FALSE
"TTACACTTATAATCTACTCGTTC",0.363565507222142,0.322282356801552,FALSE,FALSE
"AGGAGGTATATAGAAGTATCCTT",0.43437838784258,1.13835224316181,FALSE,FALSE
"GAGGAGGTATATAGAAGTATCCT",0.3526539298629,0.419244314979633,FALSE,FALSE
"AGAGGAGGTATATAGAAGTATCC",0.49850649518325,1.02177943250505,FALSE,FALSE
"AAGAGGAGGTATATAGAAGTATC",0.237202493402988,0.0298553085650353,FALSE,FALSE
"CAAGAGGAGGTATATAGAAGTAT",0.156282562938805,-0.0662812440700815,FALSE,FALSE
"GCAAGAGGAGGTATATAGAAGTA",0.130650233013832,-0.116833701870175,FALSE,FALSE
"GGCAAGAGGAGGTATATAGAAGT",0.0906681930909447,-0.373882132287587,FALSE,FALSE
"TGGCAAGAGGAGGTATATAGAAG",0.0885333751336641,-0.120390894756444,FALSE,FALSE
"GTGGCAAGAGGAGGTATATAGAA",0,-1.01159308079316,FALSE,FALSE
"GGTGGCAAGAGGAGGTATATAGA",0.0726250931900548,-0.304181130762107,FALSE,FALSE
"TGGGTGGCAAGAGGAGGTATATA",0.0412151727771014,-0.824583035390742,FALSE,FALSE
"ATGGGTGGCAAGAGGAGGTATAT",0.449146991850785,1.49182123317208,FALSE,FALSE
"TATGGGTGGCAAGAGGAGGTATA",0.577019787026498,1.72845576525198,FALSE,TRUE
"GTATGGGTGGCAAGAGGAGGTAT",0.411043060956649,0.719247934065988,FALSE,FALSE
"TAGTATGGGTGGCAAGAGGAGGT",0.322284353032769,0.201048441313884,FALSE,FALSE
"ATAGTATGGGTGGCAAGAGGAGG",0.594087448557451,1.35454847227139,FALSE,TRUE
"AATAGTATGGGTGGCAAGAGGAG",0.752788942305072,2.21510909665195,FALSE,TRUE
"AAATAGTATGGGTGGCAAGAGGA",0.746338565805007,1.91194885606067,FALSE,TRUE
"ACAAATAGTATGGGTGGCAAGAG",0.857287877077213,2.53615591333965,FALSE,TRUE
"TCACAAATAGTATGGGTGGCAAG",0.973578359482808,2.67052234077268,FALSE,TRUE
"ATCACAAATAGTATGGGTGGCAA",0.87771282190861,2.06691409140817,FALSE,TRUE
"GATCACAAATAGTATGGGTGGCA",0.564039408396886,0.658721714364231,FALSE,TRUE
"CGATCACAAATAGTATGGGTGGC",0.599884867518453,1.32077610555611,FALSE,TRUE
"TCCGATCACAAATAGTATGGGTG",0.260621702648989,0.0436832937413425,FALSE,FALSE
"ATTCCGATCACAAATAGTATGGG",0.436123381670053,0.855130657551788,FALSE,FALSE
"TGATTCCGATCACAAATAGTATG",0.0494181345420491,-0.588574811516165,FALSE,FALSE
"ATGATTCCGATCACAAATAGTAT",0.0546708859647012,-0.490898125834358,FALSE,FALSE
"TATGATTCCGATCACAAATAGTA",0.107721302293684,-0.137425885696082,FALSE,FALSE
"GTATGATTCCGATCACAAATAGT",0.173198009237208,0.0724728208453702,FALSE,FALSE
"TGTATGATTCCGATCACAAATAG",0.206193112075576,0.196333279373215,FALSE,FALSE
"CCATGTATGATTCCGATCACAAA",0.446866594922608,1.22691058846719,FALSE,FALSE
"GCCATGTATGATTCCGATCACAA",0.645519688177656,1.55379737116317,FALSE,TRUE
"AGCCATGTATGATTCCGATCACA",0.97574225656533,2.59568547329403,FALSE,TRUE
"TAGCCATGTATGATTCCGATCAC",0.942861272221929,2.70469066310276,FALSE,TRUE
"GGTAGCCATGTATGATTCCGATC",0.543760268918823,1.26093732334679,FALSE,TRUE
"AGGTAGCCATGTATGATTCCGAT",0.55073305773172,1.10475661141799,FALSE,TRUE
"CAGGTAGCCATGTATGATTCCGA",0.600156323659776,1.24242472731536,FALSE,TRUE
"ACAGGTAGCCATGTATGATTCCG",0.568374263276831,1.40880174533671,FALSE,TRUE
"GACAGGTAGCCATGTATGATTCC",0.317427279203513,0.634996574742218,FALSE,FALSE
"AGACAGGTAGCCATGTATGATTC",0.195024234821015,-0.0328648280205147,FALSE,FALSE
"GAGACAGGTAGCCATGTATGATT",0.151036575496031,-0.240757814221925,FALSE,FALSE
"TGAGACAGGTAGCCATGTATGAT",0.205892640632439,0.27304728894997,FALSE,FALSE
"CTGAGACAGGTAGCCATGTATGA",0.186743618912544,-0.115204945739375,FALSE,FALSE
"TCTGAGACAGGTAGCCATGTATG",0.338437558916143,0.307828255195882,FALSE,FALSE
"ATCTGAGACAGGTAGCCATGTAT",0.510681921902045,1.22385731827835,FALSE,TRUE
"CATCTGAGACAGGTAGCCATGTA",0.440113589919954,0.534589452270425,FALSE,FALSE
"TCATCTGAGACAGGTAGCCATGT",0.686409236844115,1.66881133108635,FALSE,TRUE
"GTCATCTGAGACAGGTAGCCATG",0.746602249449358,1.99273637549764,FALSE,TRUE
"CGTCATCTGAGACAGGTAGCCAT",0.708775125607789,1.75430443795549,FALSE,TRUE
"GCGTCATCTGAGACAGGTAGCCA",0.478788565619615,0.615564788098144,FALSE,FALSE
"GGCGTCATCTGAGACAGGTAGCC",0.331228929571662,0.415788253782717,FALSE,FALSE
"AGGCGTCATCTGAGACAGGTAGC",0.441733408339015,0.975143553599256,FALSE,FALSE
"CAGGCGTCATCTGAGACAGGTAG",0.330387836623383,0.145888447365268,FALSE,FALSE
"ACAGGCGTCATCTGAGACAGGTA",0.410159831769077,0.766294559297405,FALSE,FALSE
"AACAGGCGTCATCTGAGACAGGT",0.5237242363431,0.96501062949096,FALSE,TRUE
"TAACAGGCGTCATCTGAGACAGG",0.490788384592711,0.579094986983444,FALSE,FALSE
"ATAACAGGCGTCATCTGAGACAG",0.510992198644169,0.692237195431804,FALSE,TRUE
"TATAACAGGCGTCATCTGAGACA",0.320177788253457,0.0199371199877719,FALSE,FALSE
"CTATAACAGGCGTCATCTGAGAC",0.230906544531572,-0.21932576868122,FALSE,FALSE
"TCTCTATAACAGGCGTCATCTGA",0.363097374135172,0.230215246381702,FALSE,FALSE
"TTTCTCTATAACAGGCGTCATCT",0.642744440422086,1.53612346118803,FALSE,TRUE
"TGTTTCTCTATAACAGGCGTCAT",0.705893074884963,1.65376475621502,FALSE,TRUE
"ATGTTTCTCTATAACAGGCGTCA",0.596962196669415,1.14644543695494,FALSE,TRUE
"CATGTTTCTCTATAACAGGCGTC",0.734546433653216,1.85419804659374,FALSE,TRUE
"GACATGTTTCTCTATAACAGGCG",0.414931419082443,0.607479100522831,FALSE,FALSE
"GGACATGTTTCTCTATAACAGGC",0.358334856069228,0.177589084343477,FALSE,FALSE
"TGGACATGTTTCTCTATAACAGG",0.223314622933201,0.0575453272811703,FALSE,FALSE
"ATGGACATGTTTCTCTATAACAG",0.238202895733216,0.256204429057542,FALSE,FALSE
"TATGGACATGTTTCTCTATAACA",0.192100667063438,0.0342140888750128,FALSE,FALSE
"ATATGGACATGTTTCTCTATAAC",0.198749354668744,-0.116254223025775,FALSE,FALSE
"CGTATATATGGACATGTTTCTCT",0.247946166249357,-0.082353678831699,FALSE,FALSE
"CCCGTATATATGGACATGTTTCT",0.272726853983843,0.0120987624990245,FALSE,FALSE
"TCCCGTATATATGGACATGTTTC",0.42615848514394,1.23596985165855,FALSE,FALSE
"ATCCCGTATATATGGACATGTTT",0.439046948371798,0.97768981321229,FALSE,FALSE
"GATCCCGTATATATGGACATGTT",0.744195747163344,2.16943144157863,FALSE,TRUE
"GGATCCCGTATATATGGACATGT",0.801220000072469,2.13995649620242,FALSE,TRUE
"AGGATCCCGTATATATGGACATG",0.813768178494294,2.5344076863963,FALSE,TRUE
"AAGGATCCCGTATATATGGACAT",0.578260538254647,1.68297055827323,FALSE,TRUE
"AAAGGATCCCGTATATATGGACA",0.321032861609303,0.495670009609879,FALSE,FALSE
"TAAAGGATCCCGTATATATGGAC",0.280420978312352,0.299837284803837,FALSE,FALSE
"TTAAAGGATCCCGTATATATGGA",0.0780199861280382,-0.61091795942341,FALSE,FALSE
"GCCATTTAAAGGATCCCGTATAT",0.312672702013176,-0.096414734954143,FALSE,FALSE
"GGCCATTTAAAGGATCCCGTATA",0.36727222585075,0.534051658389166,FALSE,FALSE
"TGGCCATTTAAAGGATCCCGTAT",0.469654800298578,0.409170520373111,FALSE,FALSE
"TTGGCCATTTAAAGGATCCCGTA",0.809062064210676,2.18344539617765,FALSE,TRUE
"CTTGGCCATTTAAAGGATCCCGT",0.857552673881793,2.35460235902838,FALSE,TRUE
"GCTTGGCCATTTAAAGGATCCCG",0.849239222187388,2.25953643639602,FALSE,TRUE
"TGCTTGGCCATTTAAAGGATCCC",0.801478943454325,2.23592039962446,FALSE,TRUE
"CTGCTTGGCCATTTAAAGGATCC",0.609861354040472,2.00760577298695,FALSE,TRUE
"ACTGCTTGGCCATTTAAAGGATC",0.215354768948802,0.141330000600802,FALSE,FALSE
"GACTGCTTGGCCATTTAAAGGAT",0.151764728893369,-0.0676598317974823,FALSE,FALSE
"GGGACTGCTTGGCCATTTAAAGG",0.0285411808390741,-0.736619279430725,FALSE,FALSE
"AGGGACTGCTTGGCCATTTAAAG",0.0368366783695453,-0.882105062936657,FALSE,FALSE
"CAGGGACTGCTTGGCCATTTAAA",0.223793321727941,0.546843432799212,FALSE,FALSE
"TGCAGGGACTGCTTGGCCATTTA",0.335756293360495,0.250436805475029,FALSE,FALSE
"TTGCAGGGACTGCTTGGCCATTT",0.358013070777057,0.202943318303831,FALSE,FALSE
"TTTGCAGGGACTGCTTGGCCATT",0.380661208222726,0.570784845358506,FALSE,FALSE
"ATTTGCAGGGACTGCTTGGCCAT",0.529123207259256,1.14445724818044,FALSE,TRUE
"CATTTGCAGGGACTGCTTGGCCA",0.303613566288624,-0.0575025387501886,FALSE,FALSE
"CCATTTGCAGGGACTGCTTGGCC",0.222531325664834,0.0361724625443474,FALSE,FALSE
"CCCATTTGCAGGGACTGCTTGGC",0.161303828183713,-0.390093227198026,FALSE,FALSE
"TCCCATTTGCAGGGACTGCTTGG",0.172650060315621,-0.581148713937229,FALSE,FALSE
"GTCCCATTTGCAGGGACTGCTTG",0.0784359191518392,-0.739734186079932,FALSE,FALSE
"AGTCCCATTTGCAGGGACTGCTT",0.244227613572183,0.455128546216568,FALSE,FALSE
"AAGTCCCATTTGCAGGGACTGCT",0.147289577655869,-0.315524576868796,FALSE,FALSE
"TAAGTCCCATTTGCAGGGACTGC",0.163157715995312,-0.15512230918717,FALSE,FALSE
"GTAAGTCCCATTTGCAGGGACTG",0.229806693984643,0.0969220328737122,FALSE,FALSE
"CGTAAGTCCCATTTGCAGGGACT",0.161940767874188,-0.144029657098656,FALSE,FALSE
"TCGTAAGTCCCATTTGCAGGGAC",0.116644228463064,-0.527344895707011,FALSE,FALSE
"CTCGTAAGTCCCATTTGCAGGGA",0.211671233630204,-0.127864269565275,FALSE,FALSE
"AACTCGTAAGTCCCATTTGCAGG",0.162051473428869,-0.706536099107501,FALSE,FALSE
"CAAACTCGTAAGTCCCATTTGCA",0.212573695356902,-0.568914612515296,FALSE,FALSE
"CCAAACTCGTAAGTCCCATTTGC",0.246018160185699,-0.226238274163153,FALSE,FALSE
"ACCAAACTCGTAAGTCCCATTTG",0.207430457527773,-0.264942531910437,FALSE,FALSE
"AACCAAACTCGTAAGTCCCATTT",0.356380484533104,0.531558424313545,FALSE,FALSE
"TAACCAAACTCGTAAGTCCCATT",0.311153190058662,-0.333914092157278,FALSE,FALSE
"ATAACCAAACTCGTAAGTCCCAT",0.406874251882041,0.392796071184268,FALSE,FALSE
"GATAACCAAACTCGTAAGTCCCA",0.396713418736026,0.209343898354412,FALSE,FALSE
"TGATAACCAAACTCGTAAGTCCC",0.409473761057905,0.121422942254182,FALSE,FALSE
"CTGATAACCAAACTCGTAAGTCC",0.220150382053395,-0.14383428383149,FALSE,FALSE
"TCTGATAACCAAACTCGTAAGTC",0.148367401877386,-0.361582629059237,FALSE,FALSE
"ATCTGATAACCAAACTCGTAAGT",0.145341815426629,-0.45777633104834,FALSE,FALSE
"GCATCTGATAACCAAACTCGTAA",0.210084577546641,0.0478744992900269,FALSE,FALSE
"TGCATCTGATAACCAAACTCGTA",0.192306184325402,-0.191910793231223,FALSE,FALSE
"GTGCATCTGATAACCAAACTCGT",0.24979735002735,-0.173613721810701,FALSE,FALSE
"AGTGCATCTGATAACCAAACTCG",0.561936685472883,1.09741331661099,FALSE,TRUE
"AAGTGCATCTGATAACCAAACTC",0.367654258956447,0.223687794297226,FALSE,FALSE
"TAAAGTGCATCTGATAACCAAAC",0.193667098260464,-0.069634207688468,FALSE,FALSE
"ATAAAGTGCATCTGATAACCAAA",0.110346938418907,-0.271915474619337,FALSE,FALSE
"AATAAAGTGCATCTGATAACCAA",0.342766946714969,0.605477970656787,FALSE,FALSE
"AAATAAAGTGCATCTGATAACCA",0.401730298629682,0.85049277243321,FALSE,FALSE
"ACAAATAAAGTGCATCTGATAAC",0.271345565865306,0.192316856993605,FALSE,FALSE
"TACAAATAAAGTGCATCTGATAA",0.125112990205835,-0.362204196940826,FALSE,FALSE
"TTACAAATAAAGTGCATCTGATA",0.363803169249616,0.693258223299724,FALSE,FALSE
"ATTACAAATAAAGTGCATCTGAT",0.369394610317664,-0.300668533708726,FALSE,FALSE
"CATTACAAATAAAGTGCATCTGA",0.663491334520101,1.39944867918854,FALSE,TRUE
"CCTCATTACAAATAAAGTGCATC",0.619363342910159,1.43327422560883,FALSE,TRUE
"CCCTCATTACAAATAAAGTGCAT",0.349246475626405,0.437652484562887,FALSE,FALSE
"ACCCTCATTACAAATAAAGTGCA",0.277988631580865,0.309809389887715,FALSE,FALSE
"AACCCTCATTACAAATAAAGTGC",0.126165789438521,-0.460007468363529,FALSE,FALSE
"TAACCCTCATTACAAATAAAGTG",0.148646122545514,0.148684067396579,TRUE,FALSE
"ATAACCCTCATTACAAATAAAGT",0.0458022803540556,-0.593720811956593,TRUE,FALSE
"AATAACCCTCATTACAAATAAAG",0.0186013292150139,-0.698811904901491,TRUE,FALSE
"GTAATAACCCTCATTACAAATAA",0.0942993801958598,-0.121155053407,TRUE,FALSE
"AGTAATAACCCTCATTACAAATA",0.00698775574501326,-0.894197729686889,TRUE,FALSE
"AAGTAATAACCCTCATTACAAAT",0.0890549875333098,-0.342405408188414,TRUE,FALSE
"TTAAGTAATAACCCTCATTACAA",0.149207247981358,-0.0699692496480283,TRUE,FALSE
"CAATTAAGTAATAACCCTCATTA",0.359931486663235,-0.265924813915351,TRUE,FALSE
"CCAATTAAGTAATAACCCTCATT",0.635785626518235,1.24724811199557,TRUE,TRUE
"ACCAATTAAGTAATAACCCTCAT",0.799615372433264,2.20506608715104,TRUE,TRUE
"CACCAATTAAGTAATAACCCTCA",0.860126511909978,2.30912533929185,FALSE,TRUE
"TCACCAATTAAGTAATAACCCTC",0.758884773343942,2.22496127749718,FALSE,TRUE
"TTCACCAATTAAGTAATAACCCT",0.639695660076572,2.00236825573343,FALSE,TRUE
"CTTCACCAATTAAGTAATAACCC",0.615951987578826,1.8851757533758,FALSE,TRUE
"TCTTCACCAATTAAGTAATAACC",0.168268716055748,-0.138241324958589,FALSE,FALSE
"TTCTTCACCAATTAAGTAATAAC",0,-1.00706166720256,FALSE,FALSE
"GATCCTTTAAGTTCACAATATAG",0.0161523316044225,-0.597382251233493,TRUE,FALSE
"TGATCCTTTAAGTTCACAATATA",0,-0.87460555114599,TRUE,FALSE
"ACTGATCCTTTAAGTTCACAATA",0.0995282268411123,-0.50992635716134,TRUE,FALSE
"CTACTGATCCTTTAAGTTCACAA",0.318345764840273,0.260406633670019,TRUE,FALSE
"GCTACTGATCCTTTAAGTTCACA",0.45271956643181,1.30070642864803,TRUE,FALSE
"TGCTACTGATCCTTTAAGTTCAC",0.291347272033902,0.393696594695555,TRUE,FALSE
"TTGCTACTGATCCTTTAAGTTCA",0.0962704173725009,-0.360102306445426,FALSE,FALSE
"ATTGCTACTGATCCTTTAAGTTC",0.113206589768044,-0.120983966354698,FALSE,FALSE
"AATTGCTACTGATCCTTTAAGTT",0.0615168409169831,-0.525911975216863,FALSE,FALSE
"CAAATTGCTACTGATCCTTTAAG",0.201650671552356,-0.0264095834649915,FALSE,FALSE
"CCAAATTGCTACTGATCCTTTAA",0.0394199247977391,-0.641786989300571,FALSE,FALSE
"TCCAAATTGCTACTGATCCTTTA",0.339247811187976,0.613513898676576,FALSE,FALSE
"GCTCCAAATTGCTACTGATCCTT",0.42232837607931,0.663398662497791,FALSE,FALSE
"CGCTCCAAATTGCTACTGATCCT",0.692612907064234,1.94472286197129,FALSE,TRUE
"CCGCTCCAAATTGCTACTGATCC",0.461757080810155,0.895325664558799,FALSE,FALSE
"ACCGCTCCAAATTGCTACTGATC",0.499609135305776,1.22439997275411,FALSE,FALSE
"TACCGCTCCAAATTGCTACTGAT",0.333758981465575,-0.114342829638623,FALSE,FALSE
"TTACCGCTCCAAATTGCTACTGA",0.495815581960458,0.955881815936087,FALSE,FALSE
"CTTACCGCTCCAAATTGCTACTG",0.642207672689979,2.08829391712284,FALSE,TRUE
"GCTTACCGCTCCAAATTGCTACT",0.332045377370929,0.478981679249563,FALSE,FALSE
"GGCTTACCGCTCCAAATTGCTAC",0.196379987336198,-0.0135002451098778,FALSE,FALSE
"GGGCTTACCGCTCCAAATTGCTA",0.193606961803225,0.083726789707151,FALSE,FALSE
"GAGGTGGTGTACACAAAACCTTT",0.19219407740534,0.0565901811209567,FALSE,FALSE
"GGAGGTGGTGTACACAAAACCTT",0.183285549936646,-0.0519258967789225,FALSE,FALSE
"TTGGAGGTGGTGTACACAAAACC",0.292638696951136,0.321466906360388,FALSE,FALSE
"TTTGGAGGTGGTGTACACAAAAC",0.173294736263618,-0.138063358073967,FALSE,FALSE
"TTCTACTTCACTAAAGGTGTGTT",0.215925582572396,-0.481963088522996,TRUE,FALSE
"ACTTCTACTTCACTAAAGGTGTG",0.635561672925046,2.1696713748268,TRUE,TRUE
"TACTTCTACTTCACTAAAGGTGT",0.366195526188198,0.640148733140247,TRUE,FALSE
"ATACTTCTACTTCACTAAAGGTG",0.346195425962381,0.377642039207191,TRUE,FALSE
"AATACTTCTACTTCACTAAAGGT",0.393856920794023,0.832845703419833,TRUE,FALSE
"TCAAATACTTCTACTTCACTAAA",0.108572570309883,-0.357263642902109,TRUE,FALSE
"CTCAAATACTTCTACTTCACTAA",0.22164263925651,-0.0755121779073202,TRUE,FALSE
"ACTCAAATACTTCTACTTCACTA",0.257437667031952,0.168753812782116,TRUE,FALSE
"TACTCAAATACTTCTACTTCACT",0.253187777707481,0.0635590301381029,TRUE,FALSE
"GATACTCAAATACTTCTACTTCA",0.314938093781477,0.32955315038064,TRUE,FALSE
"AGATACTCAAATACTTCTACTTC",0.295551268239724,0.134847379673977,TRUE,FALSE
"CAAGATACTCAAATACTTCTACT",0.462735930477604,1.01334510176232,FALSE,FALSE
"TCAAGATACTCAAATACTTCTAC",0.489589121566275,1.52967189889982,FALSE,FALSE
"ATCAAGATACTCAAATACTTCTA",0.169173629422924,0.0649084880167596,FALSE,FALSE
"CATCAAGATACTCAAATACTTCT",0.0847347829850027,-0.549616644188562,FALSE,FALSE
"CTGCATCAAGATACTCAAATACT",0.159825928469656,0.00699628282293911,FALSE,FALSE
"ACTGCATCAAGATACTCAAATAC",0.262877428757051,0.453786579802012,FALSE,FALSE
"TACTGCATCAAGATACTCAAATA",0.162792153489536,-0.0117314127412967,FALSE,FALSE
"GTTACTGCATCAAGATACTCAAA",0.200799881244472,0.228180256303011,FALSE,FALSE
"AGTTACTGCATCAAGATACTCAA",0.288761288654531,0.248422422967264,FALSE,FALSE
"AAGTTACTGCATCAAGATACTCA",0.358590480039606,0.618595652252073,FALSE,FALSE
"ATAAGTTACTGCATCAAGATACT",0.547640004024354,1.38181993918409,FALSE,TRUE
"TATAAGTTACTGCATCAAGATAC",0.525110813459394,1.2103478898786,FALSE,TRUE
"CTATAAGTTACTGCATCAAGATA",0.130328427200317,-0.217246573714514,FALSE,FALSE
"ACTATAAGTTACTGCATCAAGAT",0.56037135231416,1.49947451015011,FALSE,TRUE
"CAACTATAAGTTACTGCATCAAG",0.687103706921926,1.76871538485338,FALSE,TRUE
"ACAACTATAAGTTACTGCATCAA",0.570602230604024,0.758568204885256,FALSE,TRUE
"CACAACTATAAGTTACTGCATCA",0.86191454384734,2.35713944600356,FALSE,TRUE
"TCACAACTATAAGTTACTGCATC",0.809674763249599,2.19294564817507,FALSE,TRUE
"ATCACAACTATAAGTTACTGCAT",0.568525608108915,1.63455199744438,FALSE,TRUE
"GATCACAACTATAAGTTACTGCA",0.701696942346716,1.74611935016234,FALSE,TRUE
"AGGATCACAACTATAAGTTACTG",0.350155391804647,0.58979004936656,FALSE,FALSE
"CAGGATCACAACTATAAGTTACT",0.150928543654246,-0.000267210500457005,FALSE,FALSE
"GCAGGATCACAACTATAAGTTAC",0.129371890288256,-0.0991699681599013,FALSE,FALSE
"TGCAGGATCACAACTATAAGTTA",0.07912390091636,-0.556799682421063,FALSE,FALSE
"GTGCAGGATCACAACTATAAGTT",0.121644251873339,-0.176926769523613,FALSE,FALSE
"GGTGCAGGATCACAACTATAAGT",0.157786356671349,-0.0830619534841437,FALSE,FALSE
"AGGTGCAGGATCACAACTATAAG",0.0875270293130327,-0.438131076915833,FALSE,FALSE
"CAGGTGCAGGATCACAACTATAA",0.0380229000180443,-0.755668498217963,FALSE,FALSE
"CCAGGTGCAGGATCACAACTATA",0.204340335681625,0.156748374680335,FALSE,FALSE
"GTCCAGGTGCAGGATCACAACTA",0.368283895707686,0.946847461021709,TRUE,FALSE
"GGTCCAGGTGCAGGATCACAACT",0.164802138030292,-0.427955368613387,TRUE,FALSE
"TGGTCCAGGTGCAGGATCACAAC",0.295874632380743,0.209993308549261,TRUE,FALSE
"CTGGTCCAGGTGCAGGATCACAA",0.446600115586719,0.786650560021377,TRUE,FALSE
"TCTGGTCCAGGTGCAGGATCACA",0.559506826017603,1.29195959165114,TRUE,TRUE
"ATCTGGTCCAGGTGCAGGATCAC",0.676408310332933,1.87444361280394,TRUE,TRUE
"GATCTGGTCCAGGTGCAGGATCA",0.387096306295067,0.560684399164554,TRUE,FALSE
"TGGATCTGGTCCAGGTGCAGGAT",0.170956996105073,-0.260268604520212,TRUE,FALSE
"ATGGATCTGGTCCAGGTGCAGGA",0.664857051025352,1.69228055628059,TRUE,TRUE
"AATGGATCTGGTCCAGGTGCAGG",0.75442347193808,2.03956474749101,TRUE,TRUE
"AAATGGATCTGGTCCAGGTGCAG",0.819199656874523,2.35860279107816,TRUE,TRUE
"AAAATGGATCTGGTCCAGGTGCA",0.661469143353781,1.89360979032206,TRUE,TRUE
"GAAAATGGATCTGGTCCAGGTGC",0.550159898973666,1.2409989147885,TRUE,TRUE
"TGAAAATGGATCTGGTCCAGGTG",0.586747662292578,1.60081820253714,TRUE,TRUE
"GTGAAAATGGATCTGGTCCAGGT",0.775559713865209,1.97757326222313,TRUE,TRUE
"AGTGAAAATGGATCTGGTCCAGG",0.816565745732451,2.12511086662408,TRUE,TRUE
"AAGTGAAAATGGATCTGGTCCAG",0.743797001340944,1.49075391253734,TRUE,TRUE
"ATAAGTGAAAATGGATCTGGTCC",0.423181653029279,0.712921889745083,TRUE,FALSE
"CAATAAGTGAAAATGGATCTGGT",0.829130685314349,2.0373429569187,TRUE,TRUE
"TCCAATAAGTGAAAATGGATCTG",0.721899940459234,2.0842762680623,TRUE,TRUE
"CTCCAATAAGTGAAAATGGATCT",0.227625017099257,0.165587042132732,TRUE,FALSE
"TCTCCAATAAGTGAAAATGGATC",0.141477857957497,-0.393883467000433,TRUE,FALSE
"CTCTCCAATAAGTGAAAATGGAT",0.106338751330974,-0.342399429422486,TRUE,FALSE
"CTCTCTCCAATAAGTGAAAATGG",0.235702313147768,0.255615708167085,TRUE,FALSE
"GCTCTCTCCAATAAGTGAAAATG",0.140737244077116,-0.0782266794289198,TRUE,FALSE
"TGCTCTCTCCAATAAGTGAAAAT",0,-1.07371271235623,TRUE,FALSE
"GTGCTCTCTCCAATAAGTGAAAA",0.17872579786766,0.251745301943079,TRUE,FALSE
"TCGTGCTCTCTCCAATAAGTGAA",0.0305723269195079,-1.02021488542339,TRUE,FALSE
"ATCGTGCTCTCTCCAATAAGTGA",0.155914831513376,0.303772297484412,TRUE,FALSE
"AATCGTGCTCTCTCCAATAAGTG",0.176630508187671,0.124762385369416,TRUE,FALSE
"AAATCGTGCTCTCTCCAATAAGT",0.1349714231152,-0.358001497837019,TRUE,FALSE
"TAAATCGTGCTCTCTCCAATAAG",0.166648975989914,-0.00157195981560656,TRUE,FALSE
"ATAAATCGTGCTCTCTCCAATAA",0.190242222478856,0.0187881824712129,TRUE,FALSE
"AATAAATCGTGCTCTCTCCAATA",0.308223738448088,0.422102239196987,TRUE,FALSE
"CAATAAATCGTGCTCTCTCCAAT",0.505420099857326,0.948096751713264,TRUE,TRUE
"ACAATAAATCGTGCTCTCTCCAA",0.664203627851986,1.55883703584363,TRUE,TRUE
"CACAATAAATCGTGCTCTCTCCA",0.785974145037523,1.94322993723934,TRUE,TRUE
"CCACAATAAATCGTGCTCTCTCC",0.908565260430706,2.66563844188138,TRUE,TRUE
"CACCACAATAAATCGTGCTCTCT",0.848614103134101,2.36836990003448,TRUE,TRUE
"TCACCACAATAAATCGTGCTCTC",0.801327026971048,1.82231385788688,TRUE,TRUE
"GTCACCACAATAAATCGTGCTCT",0.632721148471889,1.01022478570618,TRUE,TRUE
"TGTCACCACAATAAATCGTGCTC",0.666213314641329,1.33186526786342,TRUE,TRUE
"TTGTCACCACAATAAATCGTGCT",0.413933966979892,0.535452435946508,TRUE,FALSE
"ATTGTCACCACAATAAATCGTGC",0.383154381548752,0.386271288613237,TRUE,FALSE
"AATTGTCACCACAATAAATCGTG",0.306295281211697,0.674088835552423,TRUE,FALSE
"GAATTGTCACCACAATAAATCGT",0.0983827245473425,-0.552190583551725,TRUE,FALSE
"TGAATTGTCACCACAATAAATCG",0.217958635763073,0.470655509812044,TRUE,FALSE
"ACTGAATTGTCACCACAATAAAT",0.123100505113558,-0.430622587725121,TRUE,FALSE
"CACTGAATTGTCACCACAATAAA",0.177408854080379,0.0547722437945652,FALSE,FALSE
"ACACTGAATTGTCACCACAATAA",0.263330245817724,0.217203756265239,FALSE,FALSE
"CCACACTGAATTGTCACCACAAT",0.688201169041191,1.66876367222983,FALSE,TRUE
"TCCACACTGAATTGTCACCACAA",0.618517193247078,0.826084381765007,FALSE,TRUE
"CTCCACACTGAATTGTCACCACA",0.897616084607651,2.08598450883006,FALSE,TRUE
"ACTCCACACTGAATTGTCACCAC",0.916978082848187,2.66352490877646,FALSE,TRUE
"CGACTCCACACTGAATTGTCACC",0.433380521146593,0.705934020797993,FALSE,FALSE
"ACGACTCCACACTGAATTGTCAC",0.328439661678348,0.685307592150096,FALSE,FALSE
"CACGACTCCACACTGAATTGTCA",0.20637586477981,-0.05552568308988,FALSE,FALSE
"GCACGACTCCACACTGAATTGTC",0.192066207745028,-0.0425092894104692,FALSE,FALSE
"AGCACGACTCCACACTGAATTGT",0.221320148443193,0.207724242136746,FALSE,FALSE
"CAGCACGACTCCACACTGAATTG",0.193862416589642,-0.00899935509840916,FALSE,FALSE
"GCAGCACGACTCCACACTGAATT",0.202378868301212,0.056303328527226,FALSE,FALSE
"AGCAGCACGACTCCACACTGAAT",0.256220198665329,0.285612314481371,FALSE,FALSE
"GAGCAGCACGACTCCACACTGAA",0.285287729796138,-0.0671811166092852,FALSE,FALSE
"GGAGCAGCACGACTCCACACTGA",0.311138131834945,0.239990630210144,FALSE,FALSE
"TGGAGCAGCACGACTCCACACTG",0.278404039803188,0.251960814081455,FALSE,FALSE
"CTGGAGCAGCACGACTCCACACT",0.248006611606208,0.000498000916387594,FALSE,FALSE
"TCTGGAGCAGCACGACTCCACAC",0.255443242202153,0.192196781487372,FALSE,FALSE
"ACTCTGGAGCAGCACGACTCCAC",0.267256074796502,-0.0148130168064006,FALSE,FALSE
"CACTCTGGAGCAGCACGACTCCA",0.259453616054119,-0.272814033742083,FALSE,FALSE
"ACACTCTGGAGCAGCACGACTCC",0.475163504119358,0.400209288279287,FALSE,FALSE
"TTTACACTCTGGAGCAGCACGAC",0.39218997927191,0.290086313689679,FALSE,FALSE
"ACTTTACACTCTGGAGCAGCACG",0.283196681835744,-0.238391882151894,FALSE,FALSE
"CACTTTACACTCTGGAGCAGCAC",0.326640443113222,0.275619373355802,FALSE,FALSE
"CCACTTTACACTCTGGAGCAGCA",0.418897355824681,0.427931633311235,FALSE,FALSE
"ACCACTTTACACTCTGGAGCAGC",0.554458996778336,1.42296389192902,FALSE,TRUE
"TGACCACTTTACACTCTGGAGCA",0.269843143959179,-0.159497673923293,FALSE,FALSE
"TTGACCACTTTACACTCTGGAGC",0.319114651841276,0.476017240463041,FALSE,FALSE
"TTTGACCACTTTACACTCTGGAG",0.301665405486135,0.201401766498217,FALSE,FALSE
"ATTTGACCACTTTACACTCTGGA",0.54691243927308,1.31062792815538,FALSE,TRUE
"CATTTGACCACTTTACACTCTGG",0.563120011270281,1.2462551222332,FALSE,TRUE
"ACATTTGACCACTTTACACTCTG",0.668284284190584,1.72271239064866,FALSE,TRUE
"GACATTTGACCACTTTACACTCT",0.50962913149418,1.2473657710961,FALSE,TRUE
"CGACATTTGACCACTTTACACTC",0.493448185610528,1.16253317374149,FALSE,FALSE
"ATCGACATTTGACCACTTTACAC",0.526834054111751,1.6800344562987,FALSE,TRUE
"AATCGACATTTGACCACTTTACA",0.420239105578115,1.08758028192635,FALSE,FALSE
"GAAATCGACATTTGACCACTTTA",0.436572870081854,0.892497640399921,FALSE,FALSE
"GGAAATCGACATTTGACCACTTT",0.769424783169068,2.37103845052497,FALSE,TRUE
"TGGAAATCGACATTTGACCACTT",0.854860855193183,2.25225363193767,FALSE,TRUE
"CTGGAAATCGACATTTGACCACT",0.89843715633874,2.57520143120143,FALSE,TRUE
"TACTGGAAATCGACATTTGACCA",0.34130474951075,0.480182537505565,FALSE,FALSE
"CTACTGGAAATCGACATTTGACC",0.327266923923369,0.419163025897477,FALSE,FALSE
"ACTACTGGAAATCGACATTTGAC",0.351463043032904,0.660897399220883,FALSE,FALSE
"GACTACTGGAAATCGACATTTGA",0.332257362984683,0.502502174421477,FALSE,FALSE
"CGACTACTGGAAATCGACATTTG",0.34634887908625,0.524961728440176,FALSE,FALSE
"TCGACTACTGGAAATCGACATTT",0.344821313452891,0.289324238538347,FALSE,FALSE
"TTCGACTACTGGAAATCGACATT",0.459803949086617,0.94024277923999,FALSE,FALSE
"TTTCGACTACTGGAAATCGACAT",0.536328918135931,1.59434953774327,FALSE,TRUE
"TTTCCAAATCCTGATATCTGTTT",0.0988139204016734,-0.250505285571421,FALSE,FALSE
"CATAACTGTTGCTTTGTAGTAAA",0.17250935797829,-0.254068039442158,FALSE,FALSE
"AACATAACTGTTGCTTTGTAGTA",0.270791487142984,0.423948514727761,FALSE,FALSE
"AAACATAACTGTTGCTTTGTAGT",0.274996149331246,0.229169235287563,FALSE,FALSE
"TCAAACATAACTGTTGCTTTGTA",0.245781816043502,-0.292207851896778,FALSE,FALSE
"TTCAAACATAACTGTTGCTTTGT",0.377277045757548,0.948341262185885,FALSE,FALSE
"CATTCAAACATAACTGTTGCTTT",0.420560118149586,0.907541638329236,FALSE,FALSE
"CGCATTCAAACATAACTGTTGCT",0.516293176102875,0.815433288640583,FALSE,TRUE
"TCGCATTCAAACATAACTGTTGC",0.705845945329983,2.37413951710228,FALSE,TRUE
"ATCGCATTCAAACATAACTGTTG",0.250447934520558,0.148327842007207,FALSE,FALSE
"TATCGCATTCAAACATAACTGTT",0.214936714429771,0.26543412365424,FALSE,FALSE
"TTATCGCATTCAAACATAACTGT",0.286176834731824,0.244141169028918,FALSE,FALSE
"CTTATCGCATTCAAACATAACTG",0.333633364360226,0.710998075263765,FALSE,FALSE
"CCCTTATCGCATTCAAACATAAC",0.0853998606010325,-0.488077863429036,FALSE,FALSE
"ACCCTTATCGCATTCAAACATAA",0.114197474026735,-0.191529055395107,FALSE,FALSE
"AACCCTTATCGCATTCAAACATA",0.0913270022301554,-0.475542298168399,FALSE,FALSE
"AAACCCTTATCGCATTCAAACAT",0.127652145397352,-0.202133828900478,FALSE,FALSE
"AAAACCCTTATCGCATTCAAACA",0.238906477162682,0.615432538159063,FALSE,FALSE
"TGTGTCGCTGCCATCGAGGTAAA",0.4569964532523,1.03246406207948,FALSE,FALSE
"TTGTGTCGCTGCCATCGAGGTAA",0.384778401504371,0.446785180136404,FALSE,FALSE
"AATTGTGTCGCTGCCATCGAGGT",0.688410941003114,2.13925258621325,FALSE,TRUE
"CAATTGTGTCGCTGCCATCGAGG",0.875940504772819,2.70322732952123,FALSE,TRUE
"ACAATTGTGTCGCTGCCATCGAG",0.986786557073787,2.8542599853137,FALSE,TRUE
"GACAATTGTGTCGCTGCCATCGA",0.939974778994412,2.80127511384554,FALSE,TRUE
"AGACAATTGTGTCGCTGCCATCG",0.988424289422306,2.86229521604505,FALSE,TRUE
"CAGACAATTGTGTCGCTGCCATC",1,2.92430715352661,FALSE,TRUE
"ACAGACAATTGTGTCGCTGCCAT",0.963122561011548,2.48792713818617,FALSE,TRUE
"CACAGACAATTGTGTCGCTGCCA",0.847144946689155,1.84829005826939,FALSE,TRUE
"TCACAGACAATTGTGTCGCTGCC",0.941820151361281,2.64646488161669,FALSE,TRUE
"GTCACAGACAATTGTGTCGCTGC",0.914886738262034,2.60340194043531,FALSE,TRUE
"TGTCACAGACAATTGTGTCGCTG",0.870953108274043,2.23253735141667,FALSE,TRUE
"ACTGTCACAGACAATTGTGTCGC",0.72858292674429,1.90737894581535,FALSE,TRUE
"TACTGTCACAGACAATTGTGTCG",0.276748789807558,-0.104344117321996,FALSE,FALSE
"GTTACTGTCACAGACAATTGTGT",0.246641595600768,0.195696405313909,FALSE,FALSE
"TGTTACTGTCACAGACAATTGTG",0.309427652786751,0.521748538287937,FALSE,FALSE
"CTGTTACTGTCACAGACAATTGT",0.217851821278622,0.0474689703178745,FALSE,FALSE
"ACTGTTACTGTCACAGACAATTG",0.238671461854427,0.14785191442259,FALSE,FALSE
"TACTGTTACTGTCACAGACAATT",0.188253966046704,-0.199084693462109,FALSE,FALSE
"AAGTACTGTTACTGTCACAGACA",0.807407667350288,2.75053571934665,FALSE,TRUE
"CAAGTACTGTTACTGTCACAGAC",0.951722476697744,2.62133739642409,FALSE,TRUE
"CCAAGTACTGTTACTGTCACAGA",0.937114579340277,2.67486642797488,FALSE,TRUE
"CCCAAGTACTGTTACTGTCACAG",0.918560069130041,2.54364537666653,FALSE,TRUE
"TCCCAAGTACTGTTACTGTCACA",0.90330086851604,2.69470518443307,FALSE,TRUE
"ATCCCAAGTACTGTTACTGTCAC",0.7315967693991,2.09992512365081,FALSE,TRUE
"GATCCCAAGTACTGTTACTGTCA",0.42238694779582,1.28995430769005,FALSE,FALSE
"GGGATCCCAAGTACTGTTACTGT",0.401164357567391,0.857785981141868,FALSE,FALSE
"CTTTAAGACACTTTGGAACTGGG",0.356864807548172,-0.0325224620568646,FALSE,FALSE
"CACTTTAAGACACTTTGGAACTG",0.363138744954494,0.111143174643965,FALSE,FALSE
"ACACTTTAAGACACTTTGGAACT",0.233800700762715,-0.0218365067367598,FALSE,FALSE
"TCGACACTTTAAGACACTTTGGA",0.218651710432154,-0.310598765381611,FALSE,FALSE
"AGTCGACACTTTAAGACACTTTG",0.25620764377178,-0.180144814418262,FALSE,FALSE
"AAGTCGACACTTTAAGACACTTT",0.218060342009244,-0.188234458601193,FALSE,FALSE
"AAGAAGTCGACACTTTAAGACAC",0.221925123086209,0.0995956936821278,FALSE,FALSE
"GAAGAAGTCGACACTTTAAGACA",0.0947939835104381,-0.305788431020598,FALSE,FALSE
"GGAAGAAGTCGACACTTTAAGAC",0.0439524504248676,-0.561027227115668,FALSE,FALSE
"GTGGAAGAAGTCGACACTTTAAG",0,-0.871142142523289,FALSE,FALSE
"AGTGGAAGAAGTCGACACTTTAA",0.133306184297401,-0.048414680208232,FALSE,FALSE
"TAGTGGAAGAAGTCGACACTTTA",0.195382172631232,-0.145138656343032,FALSE,FALSE
"GTAGTGGAAGAAGTCGACACTTT",0.200460593559824,-0.390151091147813,FALSE,FALSE
"TGTAGTGGAAGAAGTCGACACTT",0.344327239673726,0.220459709496054,FALSE,FALSE
"TTGTAGTGGAAGAAGTCGACACT",0.573327416862057,1.31199504081219,FALSE,TRUE
"TTTGTAGTGGAAGAAGTCGACAC",0.577357343839909,0.974604408146071,FALSE,TRUE
"GAGGCACTGGACGCTGGAGATTT",0.202102602128892,-0.157615503883473,FALSE,FALSE
"TGAGGCACTGGACGCTGGAGATT",0.335132310372395,0.0753171219399533,FALSE,FALSE
"CTGAGGCACTGGACGCTGGAGAT",0.349313803638676,0.422193760665219,FALSE,FALSE
"CCTGAGGCACTGGACGCTGGAGA",0.366262849124968,0.357855110216626,FALSE,FALSE
"ACCTGAGGCACTGGACGCTGGAG",0.537737122954865,1.44716718655406,FALSE,TRUE
"GGACCTGAGGCACTGGACGCTGG",0.58759464147016,1.66342131051485,FALSE,TRUE
"AGGACCTGAGGCACTGGACGCTG",0.635028134040062,1.92343100580446,FALSE,TRUE
"TAGGACCTGAGGCACTGGACGCT",0.365203208680468,0.125996099238568,FALSE,FALSE
"CTAGGACCTGAGGCACTGGACGC",0.373599765816668,0.316892327580683,FALSE,FALSE
"AGGCCTAGGACCTGAGGCACTGG",0.192967174653092,-0.227452018661584,FALSE,FALSE
"GTAGGCCTAGGACCTGAGGCACT",0.303762471975358,0.309476217152817,FALSE,FALSE
"AGTAGGCCTAGGACCTGAGGCAC",0.264168714913368,-0.015153666895748,FALSE,FALSE
"AAGTAGGCCTAGGACCTGAGGCA",0.158362971336122,-0.450529989969443,FALSE,FALSE
"TAAGTAGGCCTAGGACCTGAGGC",0.242728347602855,0.0257099974980179,FALSE,FALSE
"TGTAAGTAGGCCTAGGACCTGAG",0.440509254400074,0.598458677462645,FALSE,FALSE
"TTGTAAGTAGGCCTAGGACCTGA",0.451880062655311,0.606497963758205,FALSE,FALSE
"CTTGTAAGTAGGCCTAGGACCTG",0.429917216616652,0.577693593497645,FALSE,FALSE
"GCTTGTAAGTAGGCCTAGGACCT",0.371037094899196,0.262660830794957,FALSE,FALSE
"GGCTTGTAAGTAGGCCTAGGACC",0.215159429349165,-0.156870783086532,FALSE,FALSE
"AGGCTTGTAAGTAGGCCTAGGAC",0.244547512973207,0.137754472006734,FALSE,FALSE
"GAGGCTTGTAAGTAGGCCTAGGA",0.327953289358184,0.503016086659307,FALSE,FALSE
"GGAGGCTTGTAAGTAGGCCTAGG",0.42535742571907,0.912535051841198,FALSE,FALSE
"TGGAGGCTTGTAAGTAGGCCTAG",0.392610639009627,0.704248755023354,FALSE,FALSE
"CTGGAGGCTTGTAAGTAGGCCTA",0.330032112185593,0.231382071548133,FALSE,FALSE
"GACTGGAGGCTTGTAAGTAGGCC",0.232022938050025,0.00346450980443713,FALSE,FALSE
"AGACTGGAGGCTTGTAAGTAGGC",0.292362714430966,0.210047823440342,FALSE,FALSE
"GAGACTGGAGGCTTGTAAGTAGG",0.31920576946997,0.521775526104805,FALSE,FALSE
"TGAGACTGGAGGCTTGTAAGTAG",0.150479226338692,-0.208148602061253,FALSE,FALSE
"TTTGAGACTGGAGGCTTGTAAGT",0.0779911342298917,-0.686190757726756,FALSE,FALSE
"ATTTGAGACTGGAGGCTTGTAAG",0.377359158696565,0.598735376730551,FALSE,FALSE
"TAATTTGAGACTGGAGGCTTGTA",0.497241433370888,0.99160175637823,FALSE,FALSE
"ATAATTTGAGACTGGAGGCTTGT",0.645657689757054,1.62184316064651,FALSE,TRUE
"GGATAATTTGAGACTGGAGGCTT",0.448326428422474,0.327089883918059,FALSE,FALSE
"TGGATAATTTGAGACTGGAGGCT",0.236350551032428,-0.643958604379994,FALSE,FALSE
"CTGGATAATTTGAGACTGGAGGC",0.261495639831338,0.112176952733315,FALSE,FALSE
"CCTGGATAATTTGAGACTGGAGG",0.287604898896164,-0.0478087996178512,FALSE,FALSE
"TCCTGGATAATTTGAGACTGGAG",0.404286868259704,0.624237007430115,FALSE,FALSE
"TATCCTGGATAATTTGAGACTGG",0.614341741806883,1.30766582656014,FALSE,TRUE
"ATATCCTGGATAATTTGAGACTG",0.521378647462497,0.750145063768181,FALSE,TRUE
"GATATCCTGGATAATTTGAGACT",0.169770101879445,-0.218901244459803,FALSE,FALSE
"GGATATCCTGGATAATTTGAGAC",0.137314319171722,-0.303198012579148,FALSE,FALSE
"AGGATATCCTGGATAATTTGAGA",0.0709410232654602,-0.657962626784917,FALSE,FALSE
"TAGGATATCCTGGATAATTTGAG",0.145222710401468,-0.0222156020928351,FALSE,FALSE
"TTAGGATATCCTGGATAATTTGA",0.104325483547395,-0.370508423906785,FALSE,FALSE
"TTTAGGATATCCTGGATAATTTG",0.166156516467089,0.0361078333704336,FALSE,FALSE
"GTTTAGGATATCCTGGATAATTT",0.152270897672782,-0.169966811371331,FALSE,FALSE
"GGTTTAGGATATCCTGGATAATT",0.191105733264437,0.121149711485516,FALSE,FALSE
"CAGGTTTAGGATATCCTGGATAA",0.201014776334142,-0.0785975567418978,FALSE,FALSE
"TCAGGTTTAGGATATCCTGGATA",0.211383796681821,-0.432860314283066,FALSE,FALSE
"CTCAGGTTTAGGATATCCTGGAT",0.307911367125147,0.330398819414497,FALSE,FALSE
"CCTCAGGTTTAGGATATCCTGGA",0.622611334949672,1.82528249988266,FALSE,TRUE
"TCCTCAGGTTTAGGATATCCTGG",0.413239734686799,0.636393079051328,FALSE,FALSE
"CTTCCTCAGGTTTAGGATATCCT",0.300277191092841,-0.091605450730595,FALSE,FALSE
"CCTTCCTCAGGTTTAGGATATCC",0.416053418559109,0.923425561238559,FALSE,FALSE
"TCCTTCCTCAGGTTTAGGATATC",0.236761947693868,0.258574597247997,FALSE,FALSE
"TTCCTTCCTCAGGTTTAGGATAT",0.160437628944928,-0.131864501605935,FALSE,FALSE
"ATTCCTTCCTCAGGTTTAGGATA",0.173951016360332,0.089625758699579,FALSE,FALSE
"TATTCCTTCCTCAGGTTTAGGAT",0.179002820812092,-0.0669618826006271,FALSE,FALSE
"GTATTCCTTCCTCAGGTTTAGGA",0.20523414706579,-0.486784352807676,FALSE,FALSE
"AAGTATTCCTTCCTCAGGTTTAG",0.350649511887457,0.509362886628734,FALSE,FALSE
"CAAGTATTCCTTCCTCAGGTTTA",0.330302718605478,0.684019609115518,FALSE,FALSE
"TCAAGTATTCCTTCCTCAGGTTT",0.16805300323422,-0.432870289073456,FALSE,FALSE
"GTCAAGTATTCCTTCCTCAGGTT",0.22162871349735,-0.171792484648628,FALSE,FALSE
"TGTCAAGTATTCCTTCCTCAGGT",0.579710857947056,1.20759058815261,FALSE,TRUE
"CTGTCAAGTATTCCTTCCTCAGG",0.470937601814224,0.706029455103488,FALSE,FALSE
"ACTGTCAAGTATTCCTTCCTCAG",0.645766187835288,1.38268584546257,FALSE,TRUE
"AACTGTCAAGTATTCCTTCCTCA",0.65846654918368,1.43300800040912,FALSE,TRUE
"CCAAACTGTCAAGTATTCCTTCC",0.533596372278256,1.3309374433128,FALSE,TRUE
"TCCAAACTGTCAAGTATTCCTTC",0.371103100661588,0.763773576692802,FALSE,FALSE
"ATCCAAACTGTCAAGTATTCCTT",0.399514669432492,0.965724100649209,FALSE,FALSE
"ACATCCAAACTGTCAAGTATTCC",0.379526225236415,1.02666149700591,FALSE,FALSE
"AACATCCAAACTGTCAAGTATTC",0.177633124475632,0.0298225223408031,FALSE,FALSE
"CAAACATCCAAACTGTCAAGTAT",0.219697875101982,-0.0979924408092731,FALSE,FALSE
"CCAAACATCCAAACTGTCAAGTA",0.254093921812892,0.163843656450328,FALSE,FALSE
"CCCAAACATCCAAACTGTCAAGT",0.575418504934215,1.4384156980218,FALSE,TRUE
"ACCCAAACATCCAAACTGTCAAG",0.558796203350834,1.11096112375412,FALSE,TRUE
"GACCCAAACATCCAAACTGTCAA",0.201720535707235,-0.234606159538777,FALSE,FALSE
"TGACCCAAACATCCAAACTGTCA",0.235630401037305,0.223358126602952,FALSE,FALSE
"ATGACCCAAACATCCAAACTGTC",0.462298491277279,0.944415619016222,FALSE,FALSE
"AATGACCCAAACATCCAAACTGT",0.481593454212973,0.560308803584087,FALSE,FALSE
"CAATGACCCAAACATCCAAACTG",0.683468676237855,2.02244549800836,FALSE,TRUE
"AGCAATGACCCAAACATCCAAAC",0.528356970379386,1.05766190786028,FALSE,TRUE
"CAGCAATGACCCAAACATCCAAA",0.401169084642602,0.709395810867271,FALSE,FALSE
"ACAGCAATGACCCAAACATCCAA",0.41186160421289,0.889725697153427,FALSE,FALSE
"CACAGCAATGACCCAAACATCCA",0.370017502782301,0.586025588550097,FALSE,FALSE
"TCACAGCAATGACCCAAACATCC",0.474511571017967,0.922336858380069,FALSE,FALSE
"ATCACAGCAATGACCCAAACATC",0.485816954951715,0.841504131269997,FALSE,FALSE
"AATCACAGCAATGACCCAAACAT",0.817409626596111,2.48987788168607,FALSE,TRUE
"CAATCACAGCAATGACCCAAACA",0.88059429670189,2.67206255189812,FALSE,TRUE
"ACAATCACAGCAATGACCCAAAC",0.962449961185595,2.62212508435558,FALSE,TRUE
"AACAATCACAGCAATGACCCAAA",0.934008786103509,2.41481603743586,FALSE,TRUE
"TAACAATCACAGCAATGACCCAA",0.90708789340126,2.33199455067099,FALSE,TRUE
"ATAACAATCACAGCAATGACCCA",0.93842367222963,2.70391860223304,FALSE,TRUE
"AATAACAATCACAGCAATGACCC",0.757207082776508,1.58788517404939,FALSE,TRUE
"CAATAACAATCACAGCAATGACC",0.711165808873398,1.51734098111661,FALSE,TRUE
"GCAATAACAATCACAGCAATGAC",0.807195660193141,2.25395351049485,FALSE,TRUE
"GGCAATAACAATCACAGCAATGA",0.760031839328037,1.82420531208897,FALSE,TRUE
"TGGCAATAACAATCACAGCAATG",0.693503803248964,1.57349218705283,FALSE,TRUE
"ATGGCAATAACAATCACAGCAAT",0.778245571235201,2.19356879617914,FALSE,TRUE
"TATGGCAATAACAATCACAGCAA",0.78668195160348,1.83789516822743,FALSE,TRUE
"AACTATGGCAATAACAATCACAG",0.522459337401034,1.04775681122601,FALSE,TRUE
"ACAACTATGGCAATAACAATCAC",0.266376568574154,0.170181524574257,FALSE,FALSE
"AACAACTATGGCAATAACAATCA",0.0822135025624247,-0.479186866711737,FALSE,FALSE
"CAACAACTATGGCAATAACAATC",0.0960106334337476,-0.383155676076276,FALSE,FALSE
"CCAACAACTATGGCAATAACAAT",0.0898604248459919,-0.552609886495425,FALSE,FALSE
"TCCAACAACTATGGCAATAACAA",0.178266413619937,0.231472894828626,FALSE,FALSE
"ACTCCAACAACTATGGCAATAAC",0.469343458920536,0.901922992283475,FALSE,FALSE
"AACTCCAACAACTATGGCAATAA",0.158588730432914,-0.438907458546035,FALSE,FALSE
"CAACTCCAACAACTATGGCAATA",0.345517514858536,0.547480902529793,FALSE,FALSE
"GCAACTCCAACAACTATGGCAAT",0.395074955104632,0.86709091995781,FALSE,FALSE
"TGCAACTCCAACAACTATGGCAA",0.363471842703301,0.100124550916208,FALSE,FALSE
"CTGCAACTCCAACAACTATGGCA",0.383071972301785,0.40070954085378,FALSE,FALSE
"ACTGCAACTCCAACAACTATGGC",0.418434494794802,0.778953739430335,FALSE,FALSE
"TACTGCAACTCCAACAACTATGG",0.374802488154556,0.632474927090765,FALSE,FALSE
"ATTACTGCAACTCCAACAACTAT",0.140437911819882,-0.178929289719621,FALSE,FALSE
"AATTACTGCAACTCCAACAACTA",0.221852294642824,0.0471030837965158,FALSE,FALSE
"AAATTACTGCAACTCCAACAACT",0.514468246437563,0.856532308787604,FALSE,TRUE
"ACAAATTACTGCAACTCCAACAA",0.551036233425043,0.695404098481493,FALSE,TRUE
"CACAAATTACTGCAACTCCAACA",0.809784243040321,2.16498151726765,FALSE,TRUE
"ACACAAATTACTGCAACTCCAAC",0.69038274770895,1.46882190484957,FALSE,TRUE
"AACACAAATTACTGCAACTCCAA",0.745398623516983,2.16630829200226,FALSE,TRUE
"CAACACAAATTACTGCAACTCCA",0.851831626037796,1.94642137912576,FALSE,TRUE
"ACAACACAAATTACTGCAACTCC",0.888314221890056,2.50037350181689,FALSE,TRUE
"GGACAACACAAATTACTGCAACT",0.687647573978553,1.32817903875156,FALSE,TRUE
"GGGACAACACAAATTACTGCAAC",0.480706803568984,0.512766779241598,FALSE,FALSE
"CGGGACAACACAAATTACTGCAA",0.27020384819599,0.227567878261471,FALSE,FALSE
"ACGGGACAACACAAATTACTGCA",0.279222293903153,0.339714514008449,FALSE,FALSE
"TACGGGACAACACAAATTACTGC",0.255193400536064,0.308266472899048,FALSE,FALSE
"GTACGGGACAACACAAATTACTG",0.173188527271404,0.0758181988984194,FALSE,FALSE
"CTGTACGGGACAACACAAATTAC",0.110572277829548,-0.331037551445514,FALSE,FALSE
"TCTGTACGGGACAACACAAATTA",0.118827159710863,-0.206854299973279,FALSE,FALSE
"ATCTGTACGGGACAACACAAATT",0.0820029080057391,-0.487718859206759,FALSE,FALSE
"ATATCTGTACGGGACAACACAAA",0.262032606798383,0.14498722239359,FALSE,FALSE
"GATATCTGTACGGGACAACACAA",0.628797242234212,2.17099164604653,FALSE,TRUE
"AGATATCTGTACGGGACAACACA",0.833146007075713,2.64925826653729,FALSE,TRUE
"AAGATATCTGTACGGGACAACAC",0.901998468495606,2.58656523078284,FALSE,TRUE
"GAAGATATCTGTACGGGACAACA",0.795140545771937,1.95623033956388,FALSE,TRUE
"TGAAGATATCTGTACGGGACAAC",0.70255288008017,1.52272902555015,FALSE,TRUE
"TTGAAGATATCTGTACGGGACAA",0.68595006736985,1.22315031727718,FALSE,TRUE
"TTTGAAGATATCTGTACGGGACA",0.436335839463864,0.659586481786502,FALSE,FALSE
"CTTTGAAGATATCTGTACGGGAC",0.242304321760119,-0.284045665250445,FALSE,FALSE
"TCCTTTGAAGATATCTGTACGGG",0.365802475050554,-0.1926928288532,FALSE,FALSE
"CCTCCTTTGAAGATATCTGTACG",0.444793134919163,0.968971932951633,FALSE,FALSE
"TTCCTCCTTTGAAGATATCTGTA",0.0579591466083144,-0.644446185135271,FALSE,FALSE
"CTTCCTCCTTTGAAGATATCTGT",0.135777609196205,-0.418849949347564,FALSE,FALSE
"TCTTCCTCCTTTGAAGATATCTG",0.18317518565263,-0.00150600512663937,FALSE,FALSE
"CTTCTTCCTCCTTTGAAGATATC",0.248920678082662,0.322990560726083,FALSE,FALSE
"TCTTCTTCCTCCTTTGAAGATAT",0.19298282259299,0.182127835811174,FALSE,FALSE
"GCCTTTCTTCTTCCTCCTTTGAA",0.178400531314048,-0.200912281125259,FALSE,FALSE
"GTGCCTTTCTTCTTCCTCCTTTG",0.237102155998502,-0.108089652837828,FALSE,FALSE
"ATGTGCCTTTCTTCTTCCTCCTT",0.166387244751878,-0.598489083905773,FALSE,FALSE
"TATGTGCCTTTCTTCTTCCTCCT",0.272000283427046,0.175018041166199,FALSE,FALSE
"GTATGTGCCTTTCTTCTTCCTCC",0.222241178500832,-0.297590250391038,FALSE,FALSE
"GGTATGTGCCTTTCTTCTTCCTC",0.155105958826916,-0.59662192120984,FALSE,FALSE
"AGGTATGTGCCTTTCTTCTTCCT",0.271029483790754,0.235721333994611,FALSE,FALSE
"TAGGTATGTGCCTTTCTTCTTCC",0.280519376927201,0.0745759080501862,FALSE,FALSE
"TTAGGTATGTGCCTTTCTTCTTC",0.118986513784555,-0.394500347929677,FALSE,FALSE
"GTTAGGTATGTGCCTTTCTTCTT",0.186511224861933,0.0467694927794957,FALSE,FALSE
"CAGTTAGGTATGTGCCTTTCTTC",0.242958818487689,-0.0440372165466464,FALSE,FALSE
"TCAGTTAGGTATGTGCCTTTCTT",0.315540882177703,0.325821112210023,FALSE,FALSE
"ATCAGTTAGGTATGTGCCTTTCT",0.398257996672721,0.664760430045659,FALSE,FALSE
"CATCAGTTAGGTATGTGCCTTTC",0.572068101592812,1.00287952779028,FALSE,TRUE
"CTCATCAGTTAGGTATGTGCCTT",0.459665387886875,0.767503129336448,FALSE,FALSE
"TCTCATCAGTTAGGTATGTGCCT",0.46007355713831,0.727283930033297,FALSE,FALSE
"GTCTCATCAGTTAGGTATGTGCC",0.361437849238448,0.153726183786183,FALSE,FALSE
"GGTCTCATCAGTTAGGTATGTGC",0.657719828373846,1.96757641890536,FALSE,TRUE
"TGGGTCTCATCAGTTAGGTATGT",0.165481818900218,-0.237310047334218,FALSE,FALSE
"GTGGGTCTCATCAGTTAGGTATG",0.25736957772608,0.372632529776702,FALSE,FALSE
"CTGTGGGTCTCATCAGTTAGGTA",0.198936133538198,0.015749308536508,FALSE,FALSE
"TCTGTGGGTCTCATCAGTTAGGT",0.330190353441477,0.341116823678848,FALSE,FALSE
"CTCTGTGGGTCTCATCAGTTAGG",0.428895582302388,0.926289823785255,FALSE,FALSE
"TCTCTGTGGGTCTCATCAGTTAG",0.286999668701775,0.60556367039887,FALSE,FALSE
"TTCTCTGTGGGTCTCATCAGTTA",0.201521627111754,-0.0711889322659266,FALSE,FALSE
"CTTCTCTGTGGGTCTCATCAGTT",0.545994571944633,1.86119068652657,FALSE,TRUE
"ACTTCTCTGTGGGTCTCATCAGT",0.619105258076609,1.48065533741371,FALSE,TRUE
"TACTTCTCTGTGGGTCTCATCAG",0.692932155069907,1.98756419368493,FALSE,TRUE
"TTACTTCTCTGTGGGTCTCATCA",0.578544956246433,1.48901670985122,FALSE,TRUE
"TTTACTTCTCTGTGGGTCTCATC",0.469084773568423,0.697777402029902,FALSE,FALSE
