"grna","aminoAcid","scoreDeepHF","scoreNonsense","label"
"GCTGCAGTCAGTAGTGGCTG",1860,0.607828378677368,0.00183321897851537,"silent"
"CTGCAGTCAGTAGTGGCTGT",1860,0.58027184009552,0.00184454680384327,"silent"
"TGCAGTCAGTAGTGGCTGTG",1859,0.603332936763763,0.000922509225092251,"silent"
"GCAGTCAGTAGTGGCTGTGG",1859,0.662330746650696,0.000922509225092251,"silent"
"AGTAGTGGCTGTGGGGGATC",1857,0.534838080406189,0,"missense"
"GTAGTGGCTGTGGGGGATCT",1857,0.561019003391266,0,"missense"
"TAGTGGCTGTGGGGGATCTG",1856,0.666281223297119,0,"missense"
"TGTGGGGGATCTGGGGTATC",1854,0.319078385829926,0,"silent"
"GGGGATCTGGGGTATCAGGT",1853,0.761920869350433,0,"silent"
"ACTCTACCAGTGCCAGGAGC",1850,0.539963781833649,0.595629964977557,"nonsense"
"TGTAGCACTCTACCAGTGCC",1848,0.455606907606125,0.0053441385428959,"missense"
"TCAGGTAGGTGTCCAGCTCC",1848,0.554802536964417,0.00184649886677921,"silent"
"AGGTGTCCAGCTCCTGGCAC",1846,0.604221880435944,0.000684493748740012,"missense"
"GGTGACCCGAGAGTGGGTGT",1839,0.641153693199158,0.57141598103986,"nonsense"
"ACCTGTGGTGACCCGAGAGT",1837,0.632483839988708,0,"missense"
"CACCTGTGGTGACCCGAGAG",1837,0.605627715587616,0,"missense"
"CACTGTCCAACACCCACTCT",1835,0.455839514732361,0,"missense"
"ACTGTCCAACACCCACTCTC",1835,0.512769460678101,0.028284936846131,"missense"
"GCAGATGTGTGAGGCACCTG",1832,0.674210071563721,0.149446494464945,"nonsense"
"ACCCACTCTCGGGTCACCAC",1831,0.581637263298035,0.660603423410977,"nonsense"
"AGCAATTGGGCAGATGTGTG",1829,0.656474590301514,0.092250922364377,"missense"
"ACAGAGGACAATGGCTTCCA",1822,0.645050346851349,0,"silent"
"GATGCCTGGACAGAGGACAA",1819,0.619458615779877,0,"missense"
"GCAGCCAGATGCCTGGACAG",1817,0.645292699337006,0.203215860709353,"missense"
"TGGTTGTGCAGCCAGATGCC",1815,0.458286583423615,0.289336017830246,"nonsense"
"GAAGCCATTGTCCTCTGTCC",1815,0.695693075656891,0,"missense"
"TTGTCCTCTGTCCAGGCATC",1812,0.339077562093735,0.0932760459618237,"missense"
"CCAGGGTGTCCACCCAATTG",1808,0.549456477165222,0.000441142756595715,"silent"
"TCTGGCTGCACAACCACAAT",1806,0.435796618461609,0,"silent"
"CTGGCTGCACAACCACAATT",1806,0.414945095777512,0,"silent"
"GCTGCACAACCACAATTGGG",1805,0.657857835292816,0,"missense"
"GAGCTTTCATCATTCACCCT",1800,0.542421996593475,0.0613629623769792,"missense"
"CCCAATACTTACTGTGCCAA",1800,0.431823968887329,0,"silent"
"GTGTGGTGCTTCTGTGGTGA",1793,0.644717574119568,0,"missense"
"ACAGCTGTGTGGTGCTTCTG",1791,0.659408569335938,0.149446494464945,"silent"
"GAATGGATGGTACAGCTGTG",1787,0.700155735015869,0.0314264244624932,"nonsense"
"TTTAGATCAACTGGAATGGA",1783,0.536199510097504,0.571955719557195,"nonsense"
"CCATTTTAGATCAACTGGAA",1782,0.400337398052216,0.051660516605166,"silent"
"CCCTTCACCAACATGCCCAC",1777,0.490653604269028,0,"missense"
"GCTCTTACCTGTGGGCATGT",1774,0.386567294597626,0,"silent"
"ACCTGTGGGCATGTTGGTGA",1772,0.631571114063263,0,"missense"
"CCTGTGGGCATGTTGGTGAA",1771,0.571722745895386,0,"missense"
"GGCTAGAAATCTGTTGCTAT",1770,0.285000324249268,0,"silent"
"GGGCTAGAAATCTGTTGCTA",1769,0.56647002696991,0,"silent"
"TCTTCTTCCAGATCTTCAGG",1763,0.62716680765152,0,"silent"
"CTCTTCTTCCAGATCTTCAG",1762,0.632481575012207,0,"silent"
"AAGAGAATCCCAGGACAGAA",1759,0.555786192417145,0.0923984712875813,"missense"
"AAAGCGAGCAAGAGAATCCC",1756,0.670895993709564,0.833025830258302,"nonsense"
"GGAGCTTTACCTTTCTGTCC",1756,0.530347049236298,0,"silent"
"GAGCTTTACCTTTCTGTCCT",1756,0.378919690847397,0,"silent"
"TGGGATTCTCTTGCTCGCTT",1749,0.425970017910004,0.0175276752767528,"missense"
"GTCAATGGAAGAAACCACCA",1747,0.73219358921051,0,"silent"
"CTCTTGCTCGCTTTGGACCT",1747,0.357517302036285,0.000313098117525317,"missense"
"TTGCTCGCTTTGGACCTTGG",1746,0.57558685541153,0,"missense"
"GTCAGAGGAGATGTGGTCAA",1742,0.630398511886597,0,"silent"
"TTTTGAAGTCAGAGGAGATG",1740,0.395964443683624,0,"silent"
"CAGCATGATTTTGAAGTCAG",1737,0.643097162246704,0,"missense"
"AGAAAGAAAAATGCTGAATG",1731,0.60701447725296,0,"missense"
"TTTTTCTTTCTTTAATAGAC",1721,0.0122533440589905,0.00553505535055351,"missense"
"TTTTCTTTCTTTAATAGACT",1721,0.208833634853363,0.00738007380073801,"missense"
"AGGAATTGCGGGAGGAAAAT",1712,0.493590116500854,0,"missense"
"TAGGAATTGCGGGAGGAAAA",1712,0.532311260700226,0,"missense"
"TATTTTCTAGGAATTGCGGG",1709,0.414497315883636,0,"silent"
"AAATATTTTCTAGGAATTGC",1708,0.31639888882637,0,"silent"
"GAAATATTTTCTAGGAATTG",1708,0.467972487211227,0,"silent"
"CGGACACTGAAATATTTTCT",1705,0.391983330249786,0,"missense"
"ATGCTGAGTTTGTGTGTGAA",1699,0.465357661247253,0,"missense"
"ACTCATGTTGTTATGAAAAC",1691,0.351578444242477,0,"missense"
"TTAGATTAGTTAAAGTGATG",1673,0.567004442214966,0,"missense"
"TAAAGTGATGTGGTGTTTTC",1670,0.216934323310852,0,"missense"
"GATACACTCACAAATTCTTC",1659,0.313184142112732,0,"silent"
"ATACACTCACAAATTCTTCT",1659,0.279821813106537,0,"silent"
"TACACTCACAAATTCTTCTG",1659,0.643604934215546,0,"silent"
"TCACAAATTCTTCTGGGGTC",1657,0.400242149829865,0.0063608713889561,"silent"
"AGAATGTCCATGGTGGTGTC",1655,0.521197915077209,0.0006697553137893,"missense"
"CAACAAAAGAATGTCCATGG",1653,0.636319220066071,0,"silent"
"GGTCAACAAAAGAATGTCCA",1652,0.635269582271576,0,"silent"
"GGTCAGGCCAGACACCACCA",1652,0.765585482120514,0,"missense"
"ATTGACAGCTTCAACAGAAA",1645,0.47897931933403,0.003690036900369,"missense"
"AATTGACAGCTTCAACAGAA",1645,0.569672048091888,0.00552280831875144,"missense"
"TCTGTTGAAGCTGTCAATTC",1637,0.35418426990509,0.00276752767527675,"missense"
"AATGGAAGAAAGTGTGAGCA",1634,0.637531101703644,0,"missense"
"CAATGGAAGAAAGTGTGAGC",1634,0.61467832326889,0,"missense"
"TACTGCTGGGTATAATGCAA",1628,0.708668231964111,0,"missense"
"CTCATACTACTGATACTGCT",1624,0.592217564582825,0,"missense"
"GCTCATACTACTGATACTGC",1623,0.595570743083954,0,"missense"
"TCAGTAGTATGAGCAGCAGC",1614,0.60681414604187,0,"missense"
"TATGAGCAGCAGCTGGACTC",1612,0.595964431762695,0,"missense"
"ATGAGCAGCAGCTGGACTCT",1612,0.575630187988281,0,"missense"
"CAGATTCTGCAACTTTCAAT",1604,0.300370812416077,0.0248826325371928,"missense"
"AGATTCTGCAACTTTCAATT",1604,0.317208260297775,0.0276818965204943,"missense"
"GATTCTGCAACTTTCAATTG",1603,0.548880696296692,0.0249074448877451,"missense"
"TTGGGGAACTTTCAATGCAG",1598,0.66439288854599,0,"missense"
"TTCAATGCAGAGGTTGAAGA",1594,0.537768185138702,0,"missense"
"GCCCCAGAGTCAGCTCGTGT",1590,0.642398655414581,0.0429784917099155,"missense"
"TTGCCAACACGAGCTGACTC",1585,0.506417632102966,0,"missense"
"TGCCAACACGAGCTGACTCT",1585,0.554028332233429,0,"missense"
"GCCAACACGAGCTGACTCTG",1585,0.707160532474518,0,"missense"
"TCTGGGGCTCTGTCTTCAGA",1579,0.572048187255859,0.00276042809168596,"missense"
"TCTTCAGAAGGATCAGATTC",1575,0.402957588434219,0.0249077490774908,"missense"
"CTTCAGAAGGATCAGATTCA",1575,0.4904745221138,0.018449640549317,"missense"
"ATTCAGGGTCATCAGAGAAG",1570,0.633845031261444,0.0184542644831238,"missense"
"GGAACCCCTTACCTGGAATC",1566,0.542116045951843,0.00207469436173302,"missense"
"TTCAGAGGGAACCCCTTACC",1564,0.309209942817688,0,"silent"
"AGAGGCTGATTCCAGATTCC",1564,0.459233045578003,0.000918839392749357,"missense"
"CTGATTCCAGATTCCAGGTA",1562,0.593090534210205,0.016185611579363,"missense"
"TGATTCCAGATTCCAGGTAA",1562,0.62693452835083,0.0238789404512828,"missense"
"GATTCCAGATTCCAGGTAAG",1562,0.645646274089813,0.0257694815015744,"missense"
"TACTTGCCAAGGCAAGATCT",1558,0.461260318756104,0.0907864592302807,"missense"
"CGGAAACATCTTACTTGCCA",1555,0.572932958602905,0,"missense"
"ATATTACCTAGATCTTGCCT",1554,0.392163634300232,0.0175276752767528,"missense"
"GTCTGGGCCACACGATTTGA",1548,0.50244140625,0.0121867769509562,"missense"
"GATGTTTCCGTCAAATCGTG",1544,0.60091632604599,0.017526590557811,"missense"
"AGCAACAGCTGGAAGAGTCT",1543,0.640914499759674,0.944638351547515,"nonsense"
"GAGCAACAGCTGGAAGAGTC",1542,0.617501497268677,0.917356386672209,"nonsense"
"TGATGTGGAGGAGCAACAGC",1539,0.638151466846466,0,"missense"
"CATTAAGGTTGTTGATGTGG",1535,0.684971511363983,0,"silent"
"GCTCATTAAGGTTGTTGATG",1534,0.554565250873566,0,"silent"
"ATCTCAAGAGGAGCTCATTA",1530,0.421788543462753,0.833025829435386,"nonsense"
"TAGAAACTACCCATCTCAAG",1526,0.641540050506592,0.0113401697333456,"silent"
"TTAATGAGCTCCTCTTGAGA",1523,0.546910166740417,0.00270367770436764,"silent"
"TAATGAGCTCCTCTTGAGAT",1523,0.572272539138794,0.00602135117011589,"silent"
"GGTACATGCACAGTTGCTCT",1515,0.532750725746155,0.0713475565726637,"silent"
"TGGTACATGCACAGTTGCTC",1514,0.588672935962677,0.0780026449928856,"silent"
"GCCCATCATTAGATGATAGG",1508,0.623316466808319,0.0893430676659503,"missense"
"AATGCCCATCATTAGATGAT",1507,0.415547788143158,0.103246268351873,"missense"
"TACCACCTATCATCTAATGA",1502,0.563671767711639,0.675801322228537,"nonsense"
"ACCACCTATCATCTAATGAT",1502,0.544613242149353,0.386182939349431,"missense"
"TCTAATGATGGGCATTTAGA",1498,0.470965713262558,0,"missense"
"CTAATGATGGGCATTTAGAA",1498,0.497218132019043,9.53145803708272e-05,"missense"
"TAATGATGGGCATTTAGAAG",1498,0.638334453105927,0.00201490907353348,"missense"
"ATAAAGAACCAGGAGTGGAA",1495,0.594992280006409,0.00320665568279299,"missense"
"TAAAAATAAAGAACCAGGAG",1493,0.531711637973785,0,"missense"
"ACCAGTAAAAATAAAGAACC",1491,0.630324423313141,0,"silent"
"GTTTCTTACCTTTCCACTCC",1491,0.445139855146408,0,"silent"
"TCCTGGTTCTTTATTTTTAC",1486,0.237411975860596,0.0164592045565184,"missense"
"CCTTTCTGCTGACAAGTTTG",1478,0.417364448308945,0,"missense"
"CCTCAAACTTGTCAGCAGAA",1472,0.294699728488922,0.0178005715536023,"missense"
"CCTATAAGCCAGAATCCAGA",1470,0.522724032402039,0.150332504581072,"missense"
"TTGTCAGCAGAAAGGCCTTC",1469,0.372836381196976,0,"missense"
"CAGAAAGGCCTTCTGGATTC",1467,0.354518622159958,0.000910950015668461,"missense"
"CCTTCTGGATTCTGGCTTAT",1464,0.251992344856262,0.0249017947342084,"missense"
"CTTCTGGATTCTGGCTTATA",1464,0.289104253053665,0.018450184501845,"missense"
"GAACAAAGCACATCAGAAAA",1452,0.545143067836761,0.583019235108829,"nonsense"
"TTTTCTGATGTGCTTTGTTC",1445,0.319238573312759,0.0249077490774908,"missense"
"TGCTTTGTTCTGGATTTCGC",1442,0.398665189743042,0.00553505535055351,"missense"
"AAGTGACTCTTCTGCCCTTG",1440,0.547661542892456,0,"silent"
"CTGGATTTCGCAGGTCCTCA",1439,0.450435012578964,0.000922509225092251,"missense"
"TGGATTTCGCAGGTCCTCAA",1439,0.598539113998413,0,"missense"
"GGCAGAAGAGTCACTTATGA",1432,0.569042861461639,0,"missense"
"GAAGAGTCACTTATGATGGA",1430,0.713899493217468,0,"missense"
"AAGAGTCACTTATGATGGAA",1430,0.607890248298645,4.59552566005365e-05,"missense"
"ATGGAAGGGTAGCTGTTAGA",1425,0.562732577323914,0.000922509225092251,"missense"
"AAGGGTAGCTGTTAGAAGGC",1424,0.604576766490936,0.0018450184501845,"missense"
"AAGCTGTGTTAGAACAGCAT",1422,0.654052138328552,0,"missense"
"GAAGCTGTGTTAGAACAGCA",1421,0.657460570335388,0,"missense"
"GATAAAGCTCCAGCAGGAAA",1411,0.58796638250351,0.0922508721020789,"missense"
"TAACCTGATAAAGCTCCAGC",1409,0.606407642364502,0,"silent"
"CTAGTTCAGCCATTTCCTGC",1408,0.483820497989655,0.0257281119731675,"missense"
"TTTCCTGCTGGAGCTTTATC",1404,0.283376455307007,0.0184065182728477,"missense"
"CTTTATCAGGTTATGTTGCA",1400,0.394223809242249,0,"silent"
"GAGTGACATTTTAACCACTC",1395,0.543970465660095,0,"silent"
"GGTTAAAATGTCACTCTGAG",1387,0.66034346818924,0,"missense"
"GCGTCTCTGAAGACTGCTCA",1384,0.682114779949188,0,"missense"
"AGCGTCTCTGAAGACTGCTC",1383,0.616740524768829,0,"missense"
"TTTAAGGTGAAGCAGCATCT",1371,0.430008441209793,0,"missense"
"ATTTAAGGTGAAGCAGCATC",1370,0.429727137088776,0,"missense"
"CAAAGCATGGATTCAAACTT",1365,0.467877894639969,0.0535055350488404,"silent"
"TAATCAAGAAGAGCAAAGCA",1361,0.652167916297913,0.833025830258303,"nonsense"
"TGAAGAAAGAGGAACGGGCT",1351,0.604285418987274,0,"missense"
"GATGATGAAGAAAGAGGAAC",1349,0.671319544315338,0,"missense"
"AGATGATGAAGAAAGAGGAA",1349,0.660323143005371,0,"missense"
"GTTTCAGATGATGAAGAAAG",1347,0.694734454154968,0.0682656826568266,"missense"
"TGGTCTGAGTGACAAGGAAT",1340,0.617164790630341,0,"silent"
"GGGAGTTGGTCTGAGTGACA",1338,0.663190960884094,0,"silent"
"CAGTCTGAAAGCCAGGGAGT",1333,0.614511609077454,0.0823060055081629,"missense"
"AGGCATCAGTCTGAAAGCCA",1331,0.679218888282776,0.801842635585027,"nonsense"
"GAGGCATCAGTCTGAAAGCC",1331,0.438367009162903,0.570899448525138,"nonsense"
"TGTCACTCAGACCAACTCCC",1331,0.677393972873688,0,"missense"
"TTGGTTCTTCCAAACAAATG",1325,0.515406608581543,6.1273675467382e-05,"missense"
"AGACTGATGCCTCATTTGTT",1322,0.300451338291168,6.41086024030188e-05,"silent"
"ACCCAGGATCCTTTCTTGAT",1318,0.217982232570648,0.579666879514082,"nonsense"
"TTGGAAGAACCAATCAAGAA",1315,0.494705587625504,0,"missense"
"GACTGCAAATACAAACACCC",1313,0.749839663505554,0,"missense"
"AACCAATCAAGAAAGGATCC",1313,0.517112731933594,0,"missense"
"ACCAATCAAGAAAGGATCCT",1313,0.570248126983643,0,"missense"
"TTCTTCACAGTGCAGTGAAT",1303,0.322368144989014,0.604168914728237,"nonsense"
"TCAGGAACATCACCTTAGTG",1287,0.680563867092133,0.149658109158643,"missense"
"AACATTTTGTTTCCTCACTA",1285,0.470959901809692,0.000922509225092251,"missense"
"AATATTGGCAAAGGCATCTC",1281,0.486108303070068,0,"missense"
"TAACCAGGTAATATTGGCAA",1278,0.614978194236755,0.833025830258302,"nonsense"
"CTGCAGTAACCAGGTAATAT",1276,0.35674723982811,0.108955025176022,"silent"
"CTTAAATGACTGCAGTAACC",1273,0.431428164243698,0.000922509225092251,"silent"
"ATGCCTTTGCCAATATTACC",1273,0.393682539463043,0,"missense"
"GTGTCTGTCTAAGAACACAG",1257,0.730555891990662,0,"silent"
"TGTGTTCTTAGACAGACACT",1250,0.625163495540619,0,"silent"
"AGACAGACACTCGGTAGCAA",1247,0.637215733528137,0,"missense"
"ATATACCTTCTCAGTCTACT",1243,0.386325746774673,0.0516517678713396,"missense"
"CTATGCCTAGTAGACTGAGA",1238,0.617118895053864,0,"missense"
"TGCTTCCAACACTTGTTATT",1231,0.230284333229065,0.802409177639492,"nonsense"
"CTTTACCAAATAACAAGTGT",1227,0.517451167106628,0,"missense"
"AAATAACAAGTGTTGGAAGC",1225,0.496366679668427,0,"silent"
"AATAACAAGTGTTGGAAGCA",1224,0.646778225898743,0,"silent"
"AGAAGAGAACTTATCTAGTG",1219,0.65552031993866,0,"silent"
"ACTAGATAAGTTCTCTTCTG",1212,0.656898438930511,0,"missense"
"TTCTGAGGACTCTAATTTCT",1207,0.309751927852631,0.0110470882555633,"missense"
"GGCTCAGGGTTACCGAAGAG",1205,0.671727478504181,0.833935185280047,"nonsense"
"TGGCTCAGGGTTACCGAAGA",1205,0.684980034828186,0.921658201821871,"nonsense"
"TTGGCTCAGGGTTACCGAAG",1204,0.676228702068329,0.801842635585027,"nonsense"
"CTAATTTCTTGGCCCCTCTT",1203,0.277797996997833,0.000922509225092251,"silent"
"ACCCATACACATTTGGCTCA",1200,0.411774605512619,0,"missense"
"CACCCATACACATTTGGCTC",1200,0.413478970527649,0,"missense"
"CCCTTTCACCCATACACATT",1198,0.289383381605148,0,"missense"
"AACCCTGAGCCAAATGTGTA",1195,0.463059604167938,0,"missense"
"ACCCTGAGCCAAATGTGTAT",1195,0.360602140426636,0,"missense"
"GCCAAATGTGTATGGGTGAA",1192,0.495143473148346,0,"silent"
"CCAAATGTGTATGGGTGAAA",1192,0.437669277191162,0,"silent"
"TGTGTATGGGTGAAAGGGCT",1190,0.653024017810822,0,"missense"
"TCCAGAAAGGAGAGCTTAGC",1188,0.260153323411942,0.292816673123413,"nonsense"
"TTTAGCAAAAGCGTCCAGAA",1183,0.465515643358231,0,"silent"
"TCCTGCTAAGCTCTCCTTTC",1182,0.305475115776062,0.000706849414423441,"missense"
"TTTTGCTGAAAATGACATTA",1171,0.149532377719879,0,"missense"
"GTTAGATGATGGTGAAATAA",1160,0.546596884727478,0,"missense"
"CCTGATGACCTGTTAGATGA",1156,0.583248913288116,0,"silent"
"TTATTTCACCATCATCTAAC",1153,0.184908628463745,0.0248321837571707,"missense"
"CCATCATCTAACAGGTCATC",1150,0.288891792297363,0,"missense"
"GGGAAGTAGTCATGCATCTC",1144,0.454557597637177,0,"missense"
"GATAACTTAGAACAGCCTAT",1137,0.570202171802521,0.0304428044280443,"silent"
"AGATAACTTAGAACAGCCTA",1137,0.611013650894165,0,"silent"
"GATGCATGACTACTTCCCAT",1136,0.681218385696411,0,"missense"
"AAGTTATCTGAAATCAGATA",1126,0.462189972400665,0.0018450184501845,"missense"
"TATTCTTGCTTTTTTATTTC",1106,0.106018900871277,0.0249077490774908,"missense"
"GTCTATAAACAAAGTCTTCC",1099,0.388486444950104,0.150369003690037,"silent"
"GGATGCTTACAATTACTTCC",1099,0.514719009399414,0,"silent"
"ATTAGGGGTTTTGCAACCTG",1092,0.721793353557587,0,"missense"
"AGACTTTGTTTATAGACCTC",1091,0.516921043395996,0,"missense"
"GAATGCTATGCTTAGATTAG",1087,0.516284584999084,0,"missense"
"TGAATGCTATGCTTAGATTA",1087,0.496939808130264,0,"missense"
"TTGAATGCTATGCTTAGATT",1086,0.439785927534103,0,"missense"
"CTAAGCATAGCATTCAATTT",1078,0.328496217727661,0,"missense"
"CAGAACTAGGTAGAAACAGA",1077,0.678052127361298,0,"silent"
"GCAGAACTAGGTAGAAACAG",1076,0.703222095966339,0,"silent"
"GAAAACATTCAAGCAGAACT",1072,0.580725371837616,0.150369003690037,"silent"
"TGCTTGAATGTTTTCATCAC",1064,0.387791872024536,9.22509225092251e-05,"missense"
"GGCTCCAGTATTAATGAAAT",1061,0.442158311605453,0.00312737498310597,"missense"
"GGAACCTATTTCATTAATAC",1057,0.386497616767883,0,"missense"
"GGTTCCAGTACTAATGAAGT",1054,0.693514764308929,0.00312948076138657,"missense"
"AGGTTCCAGTACTAATGAAG",1054,0.677976906299591,0.00335983987146144,"missense"
"GGAGCCCACTTCATTAGTAC",1050,0.576246738433838,0,"missense"
"TCAAGCAATATTAATGAAGT",1047,0.544771730899811,0.00738007380073801,"silent"
"TTCATTAATATTGCTTGAGC",1040,0.316854476928711,0.00922509225092251,"missense"
"CATTTTCTCTAATGTTATTA",1028,0.179168164730072,0.0249077490774908,"missense"
"CTAATTGTGCTCACTGTACT",1020,0.343307703733444,0,"missense"
"ATGTCACCTGAAAGAGAAAT",1014,0.502596437931061,0.0682560371074446,"missense"
"AATGTCACCTGAAAGAGAAA",1014,0.489491015672684,0.0774907749077491,"missense"
"TCATTTCCCATTTCTCTTTC",1010,0.219133913516998,0.0182405847553418,"missense"
"TCTGCTAGAGGAAAACTTTG",1004,0.450027018785477,0,"silent"
"AGTTTTAACAAATGACTTGA",986,0.323101818561554,0,"missense"
"GTTTTAACAAATGACTTGAT",985,0.381677567958832,0,"missense"
"AATGACTTGATGGGAAAAAG",982,0.694067001342773,0,"silent"
"GACTTGATGGGAAAAAGTGG",981,0.690249800682068,0,"silent"
"AAAAGTGGTGGTATACGATA",977,0.498257726430893,0,"missense"
"AAAGTGGTGGTATACGATAT",977,0.443617254495621,0,"missense"
"CTCATTACTCCAAATAAACA",971,0.336191087961197,0.00079688048949899,"missense"
"TGTAAAAGTCCATGTTTATT",968,0.213422954082489,0.00273689083754306,"missense"
"CAGTTCAGAGGCAACGAAAC",963,0.473883479833603,0.0535054177618772,"silent"
"TGTCTATCATCTCAGTTCAG",959,0.585905313491821,0.0819961393223542,"missense"
"GTAGTATCAAAGGAGGCTCT",951,0.61312061548233,0,"silent"
"GCCAAATGTAGTATCAAAGG",948,0.662649095058441,0,"silent"
"AATGCCAAATGTAGTATCAA",947,0.502086281776428,0,"missense"
"GCCTCCTTTGATACTACATT",943,0.400968968868256,0.0255521347439888,"missense"
"CTACATTTGGCATTATCAAC",938,0.373593926429749,0,"missense"
"ACTGCAGGCTTTCCTGTGGT",932,0.571175277233124,0,"missense"
"TATCACTGCAGGCTTTCCTG",931,0.777312517166138,0,"missense"
"TTATCTTTCTGACCAACCAC",930,0.610759735107422,0,"missense"
"CAGACAGTTAATATCACTGC",927,0.647481083869934,0.0535055350553505,"missense"
"GTGATATTAACTGTCTGTAC",919,0.583480000495911,0,"missense"
"GAACAAAAGGAAGAAAATCA",910,0.604426145553589,0.583025830258303,"nonsense"
"CACTTTTGAATGTGAACAAA",906,0.23805433511734,0,"missense"
"TCACATTCAAAAGTGACTTT",897,0.329740345478058,0.0202466946256178,"missense"
"TTTTGGACTTTGTTTCTTTA",892,0.0948898792266846,1.70204654076061e-07,"missense"
"CAACATTCTCTGCCCACTCT",890,0.310431361198425,0,"missense"
"GCAACATTCTCTGCCCACTC",889,0.444528639316559,0,"missense"
"GTTTCTTTAAGGACCCAGAG",888,0.625527441501617,0.000922509225092251,"silent"
"TTTCTTTAAGGACCCAGAGT",888,0.450909644365311,0,"silent"
"AAATCCAGGAAATGCAGAAG",880,0.633408188819885,0.0645518171048869,"missense"
"TTTGCTCCGTTTTCAAATCC",875,0.289965450763702,0.01405443733959,"missense"
"CATTCCTCTTCTGCATTTCC",875,0.375815153121948,0.0415405271890433,"missense"
"GCATTTCCTGGATTTGAAAA",871,0.383137941360474,0.0161597789348555,"missense"
"TTGAAAACGGAGCAAATGAC",867,0.52327436208725,0,"silent"
"GTATTTGCAGAATACATTCA",862,0.541350126266479,0.570900450701924,"nonsense"
"TCGGGAAACAAGCATAGAAA",847,0.548860251903534,0,"missense"
"ACATGAAGTTAACCACAGTC",841,0.61405622959137,0,"missense"
"GACATGAAGTTAACCACAGT",841,0.620891630649567,0,"missense"
"CTATGCTTGTTTCCCGACTG",839,0.656775116920471,0.00184375732504654,"missense"
"GAAGGCTTTAAGTATCCATT",833,0.559903085231781,0,"silent"
"AGAAGGCTTTAAGTATCCAT",833,0.617648899555206,0,"silent"
"TGGTTAACTTCATGTCCCAA",832,0.515010952949524,0.00276752767527675,"missense"
"GATAATAGAAATGACACAGA",827,0.637270867824554,0,"missense"
"TGTGTCATTTCTATTATCTT",820,0.327062368392944,0,"missense"
"AACCCCAAGGGACTAATTCA",816,0.506153762340546,0.00120028016121891,"missense"
"GCAGCATTTGAAAACCCCAA",812,0.640804767608643,0,"missense"
"TGCAGCATTTGAAAACCCCA",812,0.682007133960724,0,"missense"
"ACAACCATGAATTAGTCCCT",812,0.535129129886627,0,"missense"
"CAACCATGAATTAGTCCCTT",811,0.333782315254211,0,"missense"
"AACCATGAATTAGTCCCTTG",811,0.589399635791779,0,"missense"
"CACTGACTCACACATTTATT",798,0.203922599554062,0.000285959240715354,"missense"
"GGAAGTTAGCACTCTAGGGA",793,0.651136219501495,0,"silent"
"TACTGGAAGTTAGCACTCTA",792,0.583879172801971,0,"silent"
"TTACTGGAAGTTAGCACTCT",791,0.447419285774231,0,"silent"
"TCAGGAAAGTATCTCGTTAC",786,0.443452179431915,0.149446494464945,"nonsense"
"TGGTACTGATTATGGCACTC",780,0.557373225688934,0,"missense"
"TTGGTACCTGGTACTGATTA",777,0.474934339523315,0,"missense"
"AGCAGTATTTCATTGGTACC",773,0.454840540885925,0.00830258302583026,"silent"
"TGAGTGCCATAATCAGTACC",773,0.634676456451416,0,"missense"
"AGAGAGTAGCAGTATTTCAT",771,0.487282246351242,0,"silent"
"TCTCATGTTAAGTGGAGAAA",756,0.537555277347565,0,"silent"
"ATCTCATGTTAAGTGGAGAA",756,0.597283601760864,0,"silent"
"CCCAAAGATCTCATGTTAAG",753,0.385384440422058,0,"missense"
"TCCACTTAACATGAGATCTT",748,0.37954044342041,0.00903482759500609,"missense"
"CCACTTAACATGAGATCTTT",747,0.252272188663483,0.00274545485307856,"missense"
"CACTTAACATGAGATCTTTG",747,0.423662185668945,0.000922509225092251,"missense"
"TTCTCTTCTTTTTCTTCTCT",727,0.24046266078949,0.0414796270870043,"missense"
"CTTCTTTTTCTTCTCTTGGA",726,0.336705923080444,0.0256471839776615,"missense"
"TTTTCTTCTCTTGGAAGGCT",724,0.299144566059113,0.0419988494165384,"missense"
"GACAAATTCTTTAAGTTCAC",716,0.320326328277588,0.00738007380073801,"missense"
"CTGAAGTTAACAAATGCACC",706,0.415497213602066,0,"missense"
"GAACACTTAGTAAAAGAACC",706,0.690231502056122,0,"missense"
"GCATTTGTTAACTTCAGCTC",698,0.538798213005066,0,"missense"
"CATTTGTTAACTTCAGCTCT",698,0.361684083938599,0,"silent"
"CTTTTACTTGTCTGTTCATT",684,0.178958833217621,0,"missense"
"ATTTGGCTTGTTACTCTTCT",679,0.340074509382248,1.70204654076061e-07,"silent"
"GAAGGTAAAGAACCTGCAAC",676,0.60220068693161,0,"missense"
"CTCTTCTTGGCTCCAGTTGC",674,0.346147656440735,0,"silent"
"AGAAACCTACAACTCATGGA",670,0.675623893737793,0.150322465538523,"silent"
"CAGCAGAAACCTACAACTCA",669,0.619776427745819,0,"silent"
"CTTTACCTTCCATGAGTTGT",666,0.366044878959656,0.00587530703253734,"missense"
"AGTACAACCAAATGCCAGTC",661,0.529663383960724,0.338159202625237,"silent"
"AGGTTTCTGCTGTGCCTGAC",659,0.334881633520126,0,"missense"
"TGCTGTGCCTGACTGGCATT",657,0.372854113578796,0,"missense"
"ATTTGCAATTCAGTACAATT",634,0.35688391327858,0.00368748383055786,"silent"
"TGCAATTCAGTACAATTAGG",633,0.620801270008087,0.0175273265013068,"missense"
"GCAATTCAGTACAATTAGGT",633,0.590949833393097,0.025805915517988,"missense"
"TGAGGAGGAAGTCTTCTACC",618,0.609245777130127,0,"missense"
"TTCAAGCGCATGAATATGCC",618,0.458607017993927,0.00922775151528797,"missense"
"CTAAAAAGAATAGGCTGAGG",613,0.590763211250305,0,"missense"
"CACCTAAAAAGAATAGGCTG",612,0.619413077831268,0,"missense"
"CAAAAGCACCTAAAAAGAAT",610,0.326012820005417,0.000870362959430179,"missense"
"CTCCTCAGCCTATTCTTTTT",606,0.157104432582855,0,"missense"
"TTTTAGGTGCTTTTGAATTG",601,0.310198575258255,5.10613962228183e-06,"missense"
"AAGCAGCAGTATAAGCAATA",594,0.482004880905151,0,"silent"
"TTGCTTATACTGCTGCTTAT",586,0.27227771282196,0,"missense"
"TCTTTTTCGAGTGATTCTAT",570,0.346982270479202,0.0202466946256178,"missense"
"CTTTTTCGAGTGATTCTATT",570,0.258673042058945,0.0258072806742828,"missense"
"TCGAGTGATTCTATTGGGTT",568,0.586929678916931,0.00552739614112008,"missense"
"GGTCATGAGAATAAAACAAA",558,0.540332555770874,0,"missense"
"GTGATGAATATTACTAATAG",551,0.603844940662384,0,"missense"
"ACTAACCAAACGGAGCAGAA",542,0.553134202957153,0.802539784059866,"nonsense"
"AAATCAGGGAACTAACCAAA",539,0.610829770565033,0.833025830258302,"nonsense"
"CTTGACCATTCTGCTCCGTT",538,0.376955538988113,0,"missense"
"ACTCCTGAAATGATAAATCA",534,0.593357980251312,0,"missense"
"GACTCCTGAAATGATAAATC",534,0.435696303844452,0,"missense"
"GTTCCCTGATTTATCATTTC",529,0.320866852998734,0.0238243767059416,"missense"
"TTTTATCAAGAAAGCAGATT",523,0.292317569255829,0,"silent"
"TACATCAGGCCTTCATCCTG",515,0.702185988426208,0.0771717038426747,"missense"
"GCTTTCTTGATAAAATCCTC",514,0.481882572174072,0,"silent"
"TGATAAAATCCTCAGGATGA",512,0.548761546611786,0.000914850015658828,"missense"
"CGTAAAAGGAGACCTACATC",510,0.596273958683014,0,"missense"
"TCAGGATGAAGGCCTGATGT",508,0.661848068237305,0.00276749678379451,"missense"
"CAAATAAATTAAAGCGTAAA",506,0.0994683504104614,0,"missense"
"TACGCTTTAATTTATTTGTG",498,0.50705349445343,0,"silent"
"ACGCTTTAATTTATTTGTGA",498,0.225861370563507,0,"silent"
"CGCTTTAATTTATTTGTGAG",497,0.366927593946457,0,"silent"
"GGACGCTCTTGTATTATCTG",490,0.686728000640869,0.0161369893470839,"missense"
"GTAACTGAAAATCTAATTAT",483,0.481123805046082,0,"missense"
"TAATTAGATTTTCAGTTACA",476,0.230116784572601,0.000922509225092251,"missense"
"TTCAGTTACATGGCTTAAGT",473,0.403736889362335,0.00922509225092251,"missense"
"TCAGTTACATGGCTTAAGTT",472,0.601963877677917,0.00276738820826312,"missense"
"CAGTTACATGGCTTAAGTTG",472,0.6763716340065,0.000922458893587743,"missense"
"TTACATGGCTTAAGTTGGGG",471,0.595308542251587,0,"missense"
"TGGGAAAACCTATCGGAAGA",468,0.624577462673187,0,"missense"
"AAATATTTGGGAAAACCTAT",466,0.390062153339386,0,"missense"
"GAGGCTTGCCTTCTTCCGAT",465,0.560816943645477,0,"missense"
"ATATTGAAGACAAAATATTT",462,0.282331824302673,0,"silent"
"AATATTGAAGACAAAATATT",461,0.312991827726364,0,"silent"
"AATATTACTCTCTACTGATT",450,0.304020017385483,0,"missense"
"ACTGGCCAGTGATCCTCATG",438,0.666586339473724,0,"missense"
"TTACATATTAAAGCCTCATG",436,0.608872473239899,0,"missense"
"TAAAGCCTCATGAGGATCAC",434,0.454453766345978,0.00681353282007326,"missense"
"TTCAGAGAAAATAGACTTAC",432,0.327088594436646,0.0212177121771218,"missense"
"AATGAGGTAGATGAATATTC",423,0.338873326778412,0,"missense"
"TGTATTGGACGTTCTAAATG",418,0.662213921546936,0,"silent"
"TGCCAAAGTAGCTGATGTAT",413,0.413949400186539,0,"silent"
"GTCCAATACATCAGCTACTT",408,0.340898603200912,0,"missense"
"TTCTGATGACTCACATGATG",401,0.60650622844696,0.00368672684546189,"missense"
"GTTCTGATGACTCACATGAT",401,0.579102873802185,0.00552966462816392,"missense"
"GGTTCTGATGACTCACATGA",400,0.65730357170105,0,"missense"
"TCCAGAAGTGATGAACTGTT",393,0.512033402919769,0.000101223891146711,"silent"
"ACCTAACAGTTCATCACTTC",388,0.320943802595139,0,"silent"
"GCATTCAGAAAGTTAATGAG",385,0.649821937084198,0.92165820182187,"nonsense"
"GAGATACTGAAGATGTTCCT",372,0.562777698040009,0,"missense"
"CTGCTATTTAGTGTTATCCA",371,0.582475125789642,0,"missense"
"GGAACATCTTCAGTATCTCT",364,0.563386857509613,0.00276713172279769,"missense"
"TCTCTAGGATTCTCTGAGCA",359,0.579465210437775,0,"missense"
"CCCTGTGTGAGAGAAAAGAA",353,0.617880702018738,0,"silent"
"TCCATTCTTTTCTCTCACAC",347,0.500760674476624,0.408688902381746,"missense"
"CCATTCTTTTCTCTCACACA",347,0.380845636129379,0.216475534404229,"missense"
"CATTCTTTTCTCTCACACAG",346,0.617880940437317,0.077076649082313,"missense"
"GACTCCCAGCACAGAAAAAA",339,0.415796101093292,0.00120563542088182,"missense"
"ATCTACCTTTTTTTCTGTGC",335,0.307125568389893,0,"missense"
"TCTACCTTTTTTTCTGTGCT",334,0.313519388437271,0,"missense"
"AGGAAACATGTAATGATAGG",332,0.637780010700226,0,"missense"
"GTAAGGAAACATGTAATGAT",331,0.657432854175568,0,"missense"
"TAACAGATGGGCTGGAAGTA",325,0.456260919570923,0,"silent"
"AGCCAACATAACAGATGGGC",322,0.616766512393951,0.582915530708292,"nonsense"
"AAGGAGCCAACATAACAGAT",321,0.683118939399719,0.571955686014716,"nonsense"
"CAAGGAGCCAACATAACAGA",321,0.634169936180115,0.289560279122104,"silent"
"TTCCAGCCCATCTGTTATGT",317,0.369464516639709,0.633533878965709,"nonsense"
"GCAAACAGCCTGGCTTAGCA",315,0.515597105026245,0.921454970435161,"nonsense"
"TGTAATAAAAGCAAACAGCC",311,0.568707585334778,0,"silent"
"TGTTGGCTCCTTGCTAAGCC",311,0.439880847930908,0.000902857618137076,"missense"
"AGACAGAATGAATGTAGAAA",301,0.482207000255585,0,"silent"
"GTTCTCATGCTGTAATGAGC",281,0.552992224693298,0.0264747711622435,"missense"
"AACTTGCATGTGGAGCCATG",274,0.629188656806946,0,"missense"
"GCATGAGTATTTGTGCCACA",273,0.284660935401917,0,"missense"
"TTCTGTTTCAAACTTGCATG",271,0.45767730474472,0.0230585620620523,"missense"
"AGGCATCCAGAAAAGTATCA",262,0.600007057189941,0.0429405259444992,"missense"
"GAGGCATCCAGAAAAGTATC",262,0.486007988452911,0.0131815123640745,"missense"
"GAACTACCCTGATACTTTTC",258,0.327979803085327,0,"missense"
"CTGAGAAGCGTGCAGCTGAG",256,0.667711555957794,0,"missense"
"CTCAGCTGCACGCTTCTCAG",249,0.713398814201355,0.00801632271675042,"missense"
"GGTGTTCAAATCATTATTAC",242,0.311087965965271,0,"silent"
"GTGTTCAAATCATTATTACT",241,0.391609579324722,0,"silent"
"TGCTTGTGAATTTTCTGAGA",231,0.453890085220337,0,"missense"
"AGTTTGGATTCTGCAAAAAA",223,0.501163363456726,0,"missense"
"CAGTTTGGATTCTGCAAAAA",223,0.275261521339417,0,"missense"
"AACCAGGGATGAAATCAGTT",218,0.341847807168961,0,"silent"
"AATCACCCCTCAAGGAACCA",213,0.640921294689178,0.0719773384187852,"missense"
"AAATCACCCCTCAAGGAACC",213,0.463912069797516,0.0382606642226745,"missense"
"ATCCAAACTGATTTCATCCC",213,0.541061818599701,0,"missense"
"TTGTTACAAATCACCCCTCA",210,0.448971331119537,0.802583025830258,"nonsense"
"ATTTCATCCCTGGTTCCTTG",209,0.408989071846008,0.0243589663135489,"missense"
"TTTCATCCCTGGTTCCTTGA",209,0.37881201505661,0.0167092564733013,"missense"
"TTCATCCCTGGTTCCTTGAG",209,0.607602298259735,0.00865800639651159,"missense"
"TTAATAAGGCAACTTATTGC",198,0.409994840621948,0,"missense"
"TTCTGAAGATACCGTTAATA",193,0.336779475212097,0,"missense"
"GCAATAAGTTGCCTTATTAA",191,0.400749325752258,0,"missense"
"ACGTCTGTCTACATTGAATT",182,0.391813576221466,0.00362750398196478,"missense"
"GACGTCTGTCTACATTGAAT",182,0.418746590614319,0.00543316475838137,"missense"
"ATGTAGACAGACGTCTTTTG",173,0.553330719470978,0,"missense"
"GAACTCTGAGGACAAAGCAG",170,0.686613261699677,0,"missense"
"TTGGAACTGTGAGAACTCTG",166,0.71089243888855,0,"missense"
"AGTGTCCAACTCTCTAACCT",159,0.60201096534729,0.802580485310088,"nonsense"
"TCAGAGTTCTCACAGTTCCA",159,0.652442276477814,0,"missense"
"CAGTTCCAAGGTTAGAGAGT",155,0.633590996265411,0.0229775850061803,"missense"
"AGAGAGTTGGACACTGAGAC",151,0.648408472537994,0,"missense"
"TGAACCCGAAAATCCTTCCT",147,0.486057341098785,0.00279883339845912,"missense"
"TTTTACCAAGGAAGGATTTT",143,0.236023008823395,0,"silent"
"TTTACCAAGGAAGGATTTTC",142,0.278445154428482,0,"silent"
"TTCACTCTGTAGAAGTCTTT",135,0.3233742415905,0.00922380264637095,"missense"
"TCTGTAGAAGTCTTTTGGCA",133,0.583901703357697,0,"silent"
"GTTTCTATCATCCAAAGTAT",128,0.516931295394897,0.0303788278315288,"missense"
"AGTTTCTATCATCCAAAGTA",128,0.554984211921692,0,"missense"
"GGTTTCTGTAGCCCATACTT",126,0.424193561077118,0.00092191900784464,"missense"
"ACTTCATCTTTTAGATGTTC",115,0.250933885574341,0.0249077490774908,"missense"
"CAGCTATAATTTTGCAAAAA",110,0,0,"silent"
"TTTTCAGCTTGACACAGGTT",99,0.418308973312378,0.833025630137587,"nonsense"
"TGTGCTTTTCAGCTTGACAC",97,0.616213202476501,0.150369003690037,"missense"
"TAAATCTCGTACTTTCTTGT",73,0.412853688001633,0,"missense"
"GTAAGAATGATATAACCAAA",71,0.657658636569977,0,"missense"
"GTTATATCATTCTTACATAA",62,0.391535639762878,0,"missense"
"TTACATAAAGGACACTGTGA",58,0.631266355514526,0,"missense"
"AACTTCTCAACCAGAAGAAA",57,0.525697827339172,0.0504369754476224,"missense"
"AAACTTCTCAACCAGAAGAA",56,0.348962128162384,0.0287862965700195,"missense"
"ACTGTGAAGGCCCTTTCTTC",54,0.381222367286682,0.000121997767117285,"silent"
"AAACTTACTTGCAAAATATG",41,0.380995601415634,9.53146062825942e-05,"silent"
"AAATATGTGGTCACACTTTG",37,0.438288629055023,0,"missense"
"TGGTCACACTTTGTGGAGAC",34,0.604216158390045,0,"missense"
"TGCTAGTCTGGAGTTGATCA",32,0.619764447212219,0,"silent"
"AAATCTTAGAGTGTCCCATC",27,0.36444303393364,0,"silent"
